,job_start_date,firm_name,gis_latitude,gis_longitude
0,2020-09-17,WATTS ELECTRICAL CORP,40.656381,-73.908319
1,2019-03-19,G & F.A.ST ELECTRIC INC,40.579607,-73.962071
2,2021-02-25,WESTRISE ELECTRIC LLC,40.671282,-73.911132
3,2020-11-13,L.E.B. ELECTRIC LTD,40.672833,-73.969069
4,2021-05-04,BLAZE ELECTRIC INC.,40.663801,-73.937859
5,2021-06-04,FSM ELECTRICAL CORPORATIO,40.685987,-73.992698
6,2019-01-28,LIFE SPOT ELECTRIC CORP,40.628473,-73.993328
7,2019-09-24,ABSOLUTE ADVANCED ELEC IN,40.61502,-74.015495
8,2021-07-06,MODERN TREND ELECL CONTRG,40.696789,-73.921946
9,2020-07-29,KJK ELECTRIC INC,40.623667,-73.994542
10,2021-01-15,JOSEPH WEINSTEIN ELECTRIC,40.693139,-73.970228
11,2021-01-28,UTELL & SON ELEC'L CONT.,40.62718,-74.008452
12,2021-02-03,HORSEPOWER ELECTRIC.&,40.608862,-73.996157
13,2020-08-19,C R ELECTRIC INC,40.715364,-73.961864
14,2021-03-05,Y ELECTRIC INC,40.605326,-73.999471
15,2021-07-22,POWER CONNECT ELECTRIC CO,40.703235,-73.994071
16,2021-04-05,COUNTY ELECL CONTRACTOR I,40.617747,-73.978593
17,2019-01-28,LIFE SPOT ELECTRIC CORP,40.628473,-73.993328
18,2021-04-12,KWONG MING ELECTRIC INC,40.619441,-73.939676
19,2021-04-27,ALL POWER ELECT. INS CORP,40.678951,-73.91096
20,2019-06-20,"POWER SURGE ELECTRIC, INC",40.692092,-73.938517
21,2019-08-20,DENNISON ELECTRIC CORP,40.728744,-73.954333
22,2021-05-31,ALL SYSTEMS ELECTRIC NY L,40.671596,-73.9558
23,2021-04-27,ANTONIO CERIELLO ELEC INC,40.671954,-73.979776
24,2022-03-01,R. DONOVAN & SON ELECTRIC,40.668297,-73.954613
25,2021-06-14,M.A.M. ELECTRIC CORP,40.677437,-73.998284
26,2021-04-27,SUNRUN SOLAR ELECTL CORP,40.668396,-73.887352
27,2021-04-27,"SAFEWAY CONSTRUCTION, INC",40.590765,-73.948498
28,2021-04-27,GREY GOOSE ELECTRIC CORP,40.662179,-73.957053
29,2018-12-03,GALAXY ELECTRIC CORP,40.663141,-73.982533
30,2021-04-27,REDLINE ELECTRIC INC,40.694482,-73.995943
31,2021-04-27,AKAY ELECTRIC CORPORATION,40.684813,-74.001821
32,2021-06-14,M.A.M. ELECTRIC CORP,40.677437,-73.998284
33,2021-03-18,CONDE ELECTRIC INC,40.637115,-73.88904
34,2019-07-24,FALCON ELEC'L CONTR'G COR,40.676129,-73.880337
35,2019-10-30,WEBSTAR ELECL CONTRS INC,40.683281,-73.943465
36,2018-07-10,SHTRAL ELECT'L CONT'G COR,40.641886,-73.986852
37,2021-04-28,BAYSIDE ELEC'L CONT. CORP,40.695161,-73.944584
38,2019-11-05,BIG SHOT ELECTRIC CORP.,40.69802,-73.974986
39,2021-04-27,"LAREDO ELECTRIC, INC.",40.64807,-73.901786
40,2019-04-16,ALL WAYS ELECTRIC CORP.W,40.764859,-73.966637
41,2022-01-17,A ELECTRICAL MAIN SVC INC,40.59702,-73.972777
42,2021-04-27,WILLDAN ELECTRICAL OF NY,40.694543,-73.956376
43,2021-10-14,ELPO ELECTRICAL CONTG INC,40.677181,-74.015319
44,2019-11-15,UNITED ELEC'L CONT'G CORP,40.689592,-73.939345
45,2021-09-06,CMY ELECTRICAL CORP,40.5752,-73.975788
46,2022-06-09,MARTIN DORKIN,40.612359,-73.921781
47,2020-12-02,TRITECH ELECTL & DATA INC,40.668277,-73.954267
48,2021-04-28,MACINTOSH ELECTRIC CORP,40.675574,-73.999156
49,2022-03-01,R. DONOVAN & SON ELECTRIC,40.668297,-73.954613
50,2022-02-07,FUSED ELECTRIC CONTNG COR,40.691577,-73.969677
51,2022-02-23,FUSED ELECTRIC CONTNG COR,40.645987,-73.961467
52,2021-02-25,WCK ELECTRIC CORP.,40.644455,-74.013787
53,2021-12-24,LIT MODE ELECL CONTG INC,40.633105,-73.888903
54,2020-03-05,NAS ELECTRIC CORP,40.678948,-73.870367
55,2021-07-06,MODERN TREND ELECL CONTRG,40.692079,-73.91837
56,2021-04-27,NASH ELECTRIC SERVICES IN,40.68039,-73.942721
57,2021-06-03,PHONG ELECTRIC INC.,40.696195,-73.99542
58,2021-03-16,LEBO ELECTRIC LLC,40.586908,-73.942967
59,2020-06-30,ALDONA FIRE PROTECTION IN,40.621096,-73.967379
60,2022-09-06,HIVOLTS ELECTRICAL INC,40.63424,-73.943719
61,2021-04-07,ABILENE ELECTRIC INC,40.588099,-73.95322
62,2021-11-05,ADAM ELECL CONTRNG LLC,40.661812,-73.959371
63,2021-06-28,HECMAR ELECTRIC,40.647754,-73.919044
64,2021-04-27,BERGER QUALITY ELEC'L CON,40.609339,-74.01289
65,2021-04-27,BERGER QUALITY ELEC'L CON,40.67243,-73.915399
66,2021-04-27,S&R ELECTRICAL & MECHANIC,40.666957,-73.946774
67,2021-04-30,I.P. ELECTRIC INC,40.673465,-73.96294
68,2020-12-01,CURRENT MECHS ELEC CONTS,40.665891,-73.913695
69,2021-04-24,JAM ELECTRICAL CORP,40.689053,-73.955031
70,2021-04-28,GOODALL ELECTRIC CORP,40.599901,-73.951494
71,2021-10-29,E & M ELECTRICAL NY CORP,40.730131,-74.003056
72,2021-04-26,HIGH QUALITY ELECTRIC OF,40.660369,-73.883357
73,2021-12-24,LIT MODE ELECL CONTG INC,40.633017,-73.888802
74,2020-10-01,ACCURATE ELEC'L CORP.,40.590346,-73.959584
75,2021-04-28,AMBER ELECTL CONTNG INC,40.662285,-73.904955
76,2021-07-06,MODERN TREND ELECL CONTRG,40.69364,-73.917366
77,2021-06-24,"LENS ELECTRIC, INC",40.727959,-73.952137
78,2021-12-24,LIT MODE ELECL CONTG INC,40.635308,-73.884986
79,2021-12-17,NGM ELECTRIC INC,40.686374,-73.971482
80,2021-05-25,"LINTECH ELECTRIC, INC",40.663026,-73.894937
81,2021-04-28,STAR ELEC'L CONTRACTORS C,40.671056,-74.00022
82,2022-01-15,"TESTA ELECTRIC CO., INC",40.687112,-73.991407
83,2021-07-26,GOODALL ELECTRIC CORP,40.690892,-73.996733
84,2017-12-11,JOSEPH WEINSTEIN ELECTRIC,40.63748,-73.952616
85,2020-10-01,ACCURATE ELEC'L CORP.,40.590346,-73.959584
86,2022-04-09,BERGER QUALITY ELEC'L CON,40.667359,-73.882599
87,2021-07-06,ATMOS ELECTRIC SVCE CORP,40.593013,-73.964713
88,2021-09-02,SWITCH ELECT OF THE FIVE,40.685926,-73.946683
89,2021-09-11,PAUL VERARDI,40.621203,-73.92979
90,2018-11-08,FSM ELECTRICAL CORPORATIO,40.71938,-74.009636
91,2020-08-23,"DECECK & LEONARD,INC",40.763862,-73.96698
92,2020-09-01,ASKO ELEC CONST & MAIN IN,40.735875,-73.985289
93,2021-06-22,"SAFEWAY CONSTRUCTION, INC",40.659484,-73.937888
94,2020-10-13,ACCURATE ELEC'L CORP.,40.815961,-73.960318
95,2021-07-06,GREEN APPLE ELECL SVCS LL,40.722106,-73.997309
96,2021-07-05,BERGER QUALITY ELEC'L CON,40.681515,-73.868704
97,2021-09-07,"NTS ELECTRICAL, INC",40.717324,-74.00154
98,2021-07-06,GREEN APPLE ELECL SVCS LL,40.719755,-73.987262
99,2021-07-05,JUMPER ELECTRIC CORP,40.782295,-73.955669
100,2021-07-05,S.A.L. ELECTRIC CO INC.,40.763895,-73.964352
101,2021-07-05,S.A.L. ELECTRIC CO INC.,40.79789,-73.973215
102,2021-03-30,FIBERTEK DATA & ELEC CORP,40.678481,-73.914396
103,2021-12-24,LIT MODE ELECL CONTG INC,40.635462,-73.885148
104,2017-12-07,ELECTROTEC OF NY ELECL IN,40.698829,-73.91824
105,2017-12-20,"ALLBRIGHT ELECTRIC, INC.",40.601236,-73.97037
106,2022-02-04,IKAROS ELECTRICAL ENT INC,40.687579,-73.998514
107,2021-07-06,"GRAND ELECTRIC , INC.",40.727793,-74.004604
108,2021-07-08,A & S MASTER ELEC'L CORP,40.784404,-73.951518
109,2017-12-11,BERGER QUALITY ELEC'L CON,40.620024,-73.923084
110,2020-08-20,R & T ELECTRICAL CORP,40.768047,-73.736037
111,2020-10-27,R & T ELECTRICAL CORP,40.743712,-73.831223
112,2021-10-19,RELIANT ELEC'L CONT'G INC,40.690375,-73.960111
113,2021-12-24,LIT MODE ELECL CONTG INC,40.632926,-73.888701
114,2021-07-06,ASKO ELEC CONST & MAIN IN,40.753748,-73.822625
115,2021-07-06,BME SERVICES INC,40.782945,-73.836547
116,2021-07-06,ROBERT CHIMENTI,40.693198,-73.752676
117,2021-12-20,FOCUS ELECTRICAL INC,40.676084,-73.97316
118,2021-11-01,REDD ELECTRICAL SVCS INC,40.63165,-73.921456
119,2022-12-22,RICHARD NEU,40.697754,-73.992888
120,2017-12-07,KJK ELECTRIC INC,40.611809,-73.988741
121,2021-11-13,ALL BORO ELECTRIC CORP,40.634106,-73.950086
122,2021-05-03,HIVOLTS ELECTRICAL INC,40.632261,-74.00111
123,2021-07-06,R & T ELECTRICAL CORP,40.732012,-73.74611
124,2021-07-05,V&B ELECTRICAL CONTNG INC,40.691362,-73.835563
125,2021-07-05,BERGER QUALITY ELEC'L CON,40.683857,-73.766885
126,2022-06-13,KJK ELECTRIC INC,40.602718,-74.009777
127,2022-04-10,KGB ELEC'L CONTR'G CORP,40.616901,-74.001776
128,2022-04-11,A #1 UNIVERSAL ELEC'L INC,40.678382,-73.974965
129,2017-12-15,JOSEPH WEINSTEIN ELECTRIC,40.643882,-74.011581
130,2022-01-10,POWER DIRECT ELECTRIC INC,40.681726,-73.953594
131,2021-11-13,ALL BORO ELECTRIC CORP,40.634106,-73.950086
132,2021-11-18,NYCO ELECTRIC CORP,40.625526,-74.022238
133,2022-04-11,GOODALL ELECTRIC CORP,40.599594,-73.986813
134,2021-07-06,POWERHOUSE ELEC'L CONT I,40.550156,-74.146194
135,2021-07-05,BERGER QUALITY ELEC'L CON,40.620469,-74.163225
136,2021-07-06,ASKO ELEC CONST & MAIN IN,40.888633,-73.842464
137,2022-02-12,KWONG MING ELECTRIC INC,40.628303,-74.005382
138,2021-07-06,A. J. CARUSO ELECTRICAL I,40.591993,-74.185688
139,2021-12-24,LIT MODE ELECL CONTG INC,40.634918,-73.884576
140,2022-12-23,PROSPECT ELECT. SERV INC,40.661927,-73.994381
141,2020-08-20,R & T ELECTRICAL CORP,40.768047,-73.736037
142,2021-11-19,ISLAND ELECTRIC CORP,40.610023,-73.939616
143,2021-07-07,ILLUMINOUS ELECTRIC CORP.,40.839833,-73.874409
144,2021-07-06,BERGER QUALITY ELEC'L CON,40.814177,-73.850025
145,2020-09-01,ASKO ELEC CONST & MAIN IN,40.735875,-73.985289
146,2021-07-05,BERGER QUALITY ELEC'L CON,40.89735,-73.84206
147,2021-08-11,AMBER ELECTL CONTNG INC,40.852877,-73.854564
148,2021-05-17,RAIDEN ELECTRIC LLC,40.896529,-73.845806
149,2018-05-30,J.H. ELEC. OF NEW YORK IN,40.796122,-73.971193
150,2020-01-22,KND LICENSED ELEC'L CONT',40.645338,-74.022864
151,2018-06-26,J & F ELECL CONTNG INC,40.762992,-73.965522
152,2018-07-25,DAVEN ELECTRIC CORP,40.722309,-73.99614
153,2020-02-03,SEGA ELECTRIC LLC,40.609366,-73.954512
154,2018-11-29,CAVAN ELECTRIC CORP.,40.745074,-73.992039
155,2020-02-25,OMD ELECTRICAL CORP,40.641678,-73.986506
156,2021-05-19,ACCURATE ELEC'L CORP.,40.604152,-73.966667
157,2019-10-12,SOLAS ELECTRICAL CONTRACT,40.763283,-73.964879
158,2017-12-18,JOSEPH WEINSTEIN ELECTRIC,40.65906,-73.981514
159,2021-06-24,TFK ELECTRIC CORP,40.676963,-73.909928
160,2022-12-01,BDS ELECTRIC CORP.,40.855741,-73.884363
161,2020-01-23,SOLAS ELECTRICAL CONTRACT,40.783751,-73.981898
162,2020-07-02,WMS ELECTRICAL CONTNG LTD,40.783091,-73.976049
163,2020-08-28,CRESCO ELECTRICAL CORP,40.774017,-73.964704
164,2022-01-24,R & T ELECTRICAL CORP,40.641712,-74.020751
165,2021-07-06,BLZ ELECTRIC INC.,40.723433,-73.940462
166,2022-02-15,ALL POWER ELECT. INS CORP,40.675721,-73.95499
167,2021-07-06,PATRIOT ELECTRIC CORP,40.660845,-73.871693
168,2022-03-23,ROYAL ELEC'L CONTR'G CORP,40.688394,-73.938265
169,2021-11-10,"LENS ELECTRIC, INC",40.652398,-73.959219
170,2020-12-17,AMBER LITE ELECTRIC CORP.,40.798418,-73.933099
171,2020-12-21,ALLSTATE ELECTRIC CORP,40.750829,-73.987761
172,2021-01-06,"ECNY ELEC'L CONTR'S, INC",40.784401,-73.957329
173,2021-03-02,APPROVED ELECTRIC CORP.,40.776315,-73.978336
174,2021-03-04,JOSEPH WEINSTEIN ELECTRIC,40.715601,-73.996476
175,2021-03-16,Y ELECTRIC INC,40.723426,-74.001764
176,2021-04-08,FRED GELLER ELEC'L INC.,40.76806,-73.983545
177,2021-04-20,JOROB CONTR'G & ELEC'L CO,40.753266,-73.985238
178,2021-04-22,MACINTOSH ELECTRIC CORP,40.734852,-73.999253
179,2021-04-26,"ZWICKER ELEC. CO., INC.",40.751916,-73.998686
180,2022-08-18,E D ELECTRICAL INC,40.638154,-74.004821
181,2021-04-27,CAVAN ELECTRIC CORP.,40.82393,-73.938562
182,2021-12-08,KJK ELECTRIC INC,40.673756,-73.973622
183,2022-03-04,BERTRAM ELECTRIC CONTNG,40.608742,-73.930206
184,2021-04-27,RESPONSE ELECTRIC INC.,40.705522,-74.006929
185,2022-12-22,ELDOR ELECTRIC LLC,40.66967,-73.93383
186,2022-03-03,E.C. ELECL CONTRACTOR INC,40.57718,-73.960499
187,2021-12-08,KJK ELECTRIC INC,40.673756,-73.973622
188,2021-07-06,HI-RITE ELECTRIC CORP,40.639203,-74.003574
189,2021-04-27,MONTGOMERY ELEC'L CONTR'G,40.770176,-73.961641
190,2021-04-27,J.M.C. ELECTRICAL CORP.,40.752465,-73.989544
191,2021-07-06,ANTONIO CERIELLO ELEC INC,40.67733,-73.999088
192,2022-02-14,CNH ELECTRICAL CORP,40.682758,-73.92193
193,2021-04-27,CKC CONTRACTING CORP DBA,40.733326,-73.991077
194,2021-10-28,HI-RITE ELECTRIC CORP,40.635362,-74.00971
195,2021-04-27,A.C. MORGAN ELECTRIC,40.746712,-74.001826
196,2021-12-09,OHM PRO ELECTL CONST CORP,40.678052,-73.916347
197,2022-12-22,D & W ELECTRICAL CONT COR,40.681528,-73.957603
198,2022-06-14,HECMAR ELECTRIC,40.663393,-73.950932
199,2021-12-24,LIT MODE ELECL CONTG INC,40.635083,-73.884753
200,2021-04-27,CHARAN ELEC'L ENTERP'S IN,40.729589,-73.982555
201,2022-03-02,DENNISON ELECTRIC CORP,40.69497,-73.969192
202,2021-04-27,"ECNY ELEC'L CONTR'S, INC",40.737619,-73.990167
203,2018-07-24,ACCURATE ELEC'L CONTR'S C,40.69025,-73.99211
204,2021-05-03,M.O.S. ELEC'L CONTR'G COR,40.791312,-73.944041
205,2018-01-09,JOSEPH WEINSTEIN ELECTRIC,40.668906,-73.932951
206,2022-04-06,KWONG MING ELECTRIC INC,40.599906,-73.978138
207,2023-02-13,ROCKMOR ELEC. ENTERPR INC,40.646941,-74.02093
208,2021-12-24,LIT MODE ELECL CONTG INC,40.632209,-73.887903
209,2021-07-06,CONSOLIDATED EDISON CO,40.677713,-73.88549
210,2023-01-04,PREMIER ELEC'L CONTR'S IN,40.634373,-74.019654
211,2021-10-28,SUNRUN SOLAR ELECTL CORP,40.590198,-73.958684
212,2021-04-27,ARGON ELECTRICAL CORP,40.781056,-73.984517
213,2023-01-10,FIVE J ELECTRIC CORP.,40.690289,-73.91424
214,2021-04-27,R & T ELECTRICAL CORP,40.737608,-74.002699
215,2021-07-06,VENTURE HOME SOLAR LLC,40.621965,-73.92914
216,2022-02-13,ACCURATE ELEC'L CORP.,40.68961,-73.912561
217,2022-05-18,POWERONE ELECT'L CONTRG,40.630199,-74.015052
218,2023-01-11,ACCURATE ELEC'L CORP.,40.62852,-73.976374
219,2021-12-24,LIT MODE ELECL CONTG INC,40.632597,-73.888338
220,2021-04-28,MACINTOSH ELECTRIC CORP,40.76562,-73.962846
221,2021-04-27,MLS ELECTRIC LLC,40.7714,-73.952597
222,2021-10-28,RONEY ELECTRIC INC,40.577623,-73.964423
223,2022-02-13,FRIED ELECTRIC CO.,40.685398,-73.951259
224,2021-12-24,LIT MODE ELECL CONTG INC,40.634706,-73.884353
225,2022-02-13,BERGER QUALITY ELEC'L CON,40.640949,-73.902979
226,2021-04-27,CENTURY ELECTRIC LLC,40.795686,-73.972906
227,2021-12-21,LIGHTEN UP ELEC'L SERVICE,40.661782,-73.959836
228,2021-04-27,CENTURY ELECTRIC LLC,40.795686,-73.972906
229,2023-01-08,CL ELECTRICAL CORP,40.600575,-73.974519
230,2021-05-03,ELECTRICAL SOLUTIONS LLC,40.732768,-73.981374
231,2021-04-27,BOROWIDE ELECT'L CONTR'S,40.767112,-73.968152
232,2022-06-10,DREAM TEAM ELEC'L CORP,40.663556,-73.981635
233,2018-03-29,"DIFAZIO ELECTRIC NY, INC",40.68847,-73.981055
234,2021-04-28,LOWY & DONNATH INC.,40.841153,-73.942691
235,2022-11-28,HEXAGON CONST & ELECL GRP,40.64726,-73.881114
236,2019-02-26,E & M ELECTRICAL NY CORP,40.787857,-73.977556
237,2022-05-18,POWERONE ELECT'L CONTRG,40.630199,-74.015052
238,2021-05-04,ELECTRICAL SOLUTIONS LLC,40.730008,-73.974668
239,2021-04-29,NELSON & TOM MAINT INC DB,40.717217,-74.000602
240,2021-04-27,TOP SHELF ELECTRIC CORP,40.761894,-73.966349
241,2023-01-27,S&R ELECTRICAL & MECHANIC,40.690387,-73.956289
242,2021-04-29,RALEIGH POWELL LIC ELEC,40.7133,-73.991188
243,2021-12-17,RONART ELECTRIC CO,40.67963,-73.895849
244,2021-12-24,LIT MODE ELECL CONTG INC,40.634475,-73.884112
245,2021-11-10,ACCURATE ELEC'L CORP.,40.764047,-73.970576
246,2023-02-13,KJK ELECTRIC INC,40.615158,-73.9958
247,2022-06-08,STEVEN FARKAS,40.774811,-73.958523
248,2021-07-06,"ABM ELECTRIC, INC",40.690353,-73.904803
249,2018-01-16,ZEV ELECTRIC CORP.,40.648661,-73.955617
250,2021-07-07,T. DIRUSSO ELEC'L CONT IN,40.710434,-73.922961
251,2021-04-27,MARTINEZ ELECTRICAL CONT,40.733178,-74.003179
252,2021-04-28,C.Q. ELECTR'L CONTRG CORP,40.800167,-73.952464
253,2021-04-28,HORSEPOWER ELECTRIC.&,40.736949,-73.993754
254,2021-12-24,LIT MODE ELECL CONTG INC,40.631627,-73.887255
255,2021-10-28,WILLDAN ELECTRICAL OF NY,40.664515,-73.995646
256,2023-02-06,ERNE VALLEY ELECTRIC INC,,
257,2021-07-06,KJK ELECTRIC INC,40.636353,-74.035742
258,2021-04-30,PATRIOT ELECTRIC CORP,40.768244,-73.982339
259,2021-10-28,SIGNS CAD CORP,40.68586,-73.953782
260,2021-07-06,APOLLO ELECTRIC INSDUS IN,40.684141,-73.969046
261,2022-01-10,AE ELECTRIC INC,40.779334,-73.975299
262,2021-07-06,RONEY ELECTRIC INC,40.607474,-73.907223
263,2021-07-06,NASH ELECTRIC SERVICES IN,40.674347,-73.998875
264,2023-02-14,LIFE SPOT ELECTRIC CORP,40.709288,-73.95812
265,2022-07-27,BOROWIDE ELECT'L CONTR'S,40.734426,-73.985776
266,2021-07-06,CHARAN ELEC'L ENTERP'S IN,40.671987,-73.893896
267,2021-12-24,LIT MODE ELECL CONTG INC,40.631962,-73.887629
268,2022-12-22,RICHARD NEU,40.633614,-73.972269
269,2021-07-06,L&B ELEC'L INTERNATIONAL,40.63262,-74.026315
270,2023-01-09,SOLAS ELECTRICAL CORP,40.650671,-73.952181
271,2020-04-28,POWER MASTERS ELEC'L CONT,40.786305,-73.94246
272,2022-06-01,KGB ELEC'L CONTR'G CORP,40.67674,-73.994495
273,2018-01-17,GKF ELECL CONTRACTORS INC,40.689563,-73.985587
274,2022-08-03,BOROWIDE ELECT'L CONTR'S,40.777853,-73.959438
275,2022-01-18,"POWER FULL ELECTRIC, INC",40.77556,-73.964386
276,2021-07-08,DAVEN ELECTRIC CORP,40.665871,-73.994849
277,2023-02-13,RICHARD NEU,40.672185,-73.978507
278,2020-01-11,FOREST ELECTRIC CORP.,40.749597,-73.973765
279,2020-01-30,HI-TECH WIRING ELECL SVCS,40.781925,-73.955915
280,2020-03-12,ZIP ELECTRIC INC,40.776022,-73.960768
281,2018-10-18,GEORGE HOLNESS,40.894409,-73.843297
282,2021-10-28,IDL COMMUNICATIONS AND,40.682371,-73.934917
283,2020-03-24,GANLY ELECTRICAL CORP,40.725206,-73.983307
284,2020-07-16,SD ELECTL DIVISION NYC CO,40.774183,-73.952952
285,2020-07-16,SD ELECTL DIVISION NYC CO,40.774183,-73.952952
286,2020-09-14,CONTROL SPEC ELECL SYSTEM,40.72558,-73.993481
287,2020-10-05,ACCURATE ELEC'L CORP.,40.807413,-73.966265
288,2020-12-04,C.M. RICHEY ELEC'L CONTR,40.762861,-73.983109
289,2021-05-12,AMP ELECTRIC,40.798878,-73.94142
290,2021-06-10,"OM ELECTRIC, INC",40.850213,-73.93219
291,2018-12-16,Y.S ELECTRIC,40.710322,-73.964168
292,2021-07-03,AGIR ELEC'L LTD. D/B/A,40.751114,-73.985025
293,2022-12-23,WCK ELECTRIC CORP.,40.682685,-73.88988
294,2021-07-06,VOLTAGE ELECTRIC CORP,40.734059,-74.006253
295,2022-02-14,LEIGH ELECTRICAL INC,40.77928,-73.959134
296,2021-12-24,LIT MODE ELECL CONTG INC,40.631781,-73.884902
297,2021-10-28,SUNRUN SOLAR ELECTL CORP,40.639835,-73.89118
298,2021-10-28,FOREST BROOK ELEC'L CONTR,40.588905,-73.959473
299,2021-07-06,CITYWIDE ELEC'L WIRING IN,40.774452,-73.983558
300,2022-06-01,AMERICAN POWER ELECT CONS,40.591793,-73.968581
301,2021-07-06,CONSOLIDATED EDISON CO,40.734163,-73.988627
302,2023-01-09,SOLAS ELECTRICAL CORP,40.692569,-73.99713
303,2021-07-06,"LINA ELECTRIC, CORP",40.764787,-73.976846
304,2021-05-03,E-J ELEC. INSTALLATION CO,40.712189,-73.997843
305,2018-01-19,ALL WAYS ELECTRIC CORP.W,40.694944,-73.921385
306,2021-07-06,P.E. STONE INC,40.711537,-74.015673
307,2022-06-01,TMF ELEC'L CONTR. INC.,40.638981,-74.020372
308,2023-02-10,JOSEPH WEINSTEIN ELECTRIC,40.583436,-73.932846
309,2021-07-07,L.J.F. & SONS ELECL CONTS,40.780383,-73.979761
310,2021-10-28,AL-LECTRIC ELECT'L CONTRG,40.698696,-73.916534
311,2021-12-24,LIT MODE ELECL CONTG INC,40.632329,-73.884167
312,2018-01-25,JOSEPH WEINSTEIN ELECTRIC,40.618231,-74.029937
313,2021-07-06,"STRAND ELECTRIC CO., INC.",40.794181,-73.951175
314,2021-07-06,ILLUMINOUS ELECTRIC CORP.,40.737808,-73.9965
315,2021-07-06,RICHARD NEU,40.870783,-73.9181
316,2022-08-30,LION HEART ELECTRIC CORP,40.724886,-74.01122
317,2021-07-13,J Y ELECTRIC INC,40.715968,-73.998297
318,2023-01-08,JTE ELECTRICAL SERVICES,40.65629,-73.886471
319,2018-01-04,E D ELECTRICAL INC,40.753799,-73.942607
320,2019-05-17,"ROMCON ELECTRIC, INC",40.740023,-73.904859
321,2019-09-26,GREEN POWER ELECTRIC CORP,40.702208,-73.780291
322,2020-11-05,"GEMINI ELECTRIC CO., INC.",40.57978,-73.833131
323,2021-12-24,LIT MODE ELECL CONTG INC,40.63431,-73.883925
324,2022-06-01,TMF ELEC'L CONTR. INC.,40.638981,-74.020372
325,2021-07-06,LOWY & DONNATH INC.,40.707399,-74.011105
326,2023-02-13,RICHARD NEU,40.686425,-73.982419
327,2021-12-24,LIT MODE ELECL CONTG INC,40.633986,-73.883548
328,2021-04-22,J.S.V. ELECTRIC INC.,40.752964,-73.870505
329,2022-01-05,HV ELECTRIC CORP,40.591736,-73.97139
330,2023-01-09,SOLAS ELECTRICAL CORP,40.692523,-73.997155
331,2023-02-13,A'S ELECTRIC CONTRACTING,40.681492,-73.879719
332,2021-12-24,LIT MODE ELECL CONTG INC,40.631156,-73.885851
333,2021-04-28,JK ELECTRICAL INC,40.748176,-73.860838
334,2021-07-06,CENTENNIAL ELEVATOR INDUS,40.732609,-73.984744
335,2023-01-09,SOLAS ELECTRICAL CORP,40.677869,-73.903473
336,2021-12-24,LIT MODE ELECL CONTG INC,40.632639,-73.883788
337,2022-11-28,ATMOS ELECTRIC SVCE CORP,40.619711,-74.038409
338,2022-02-15,SERENITY ELECTRIC CORP,40.742595,-74.00149
339,2022-02-14,EMCO ELECTRIC SVCS LLC,40.783636,-73.951598
340,2021-04-27,"ECNY ELEC'L CONTR'S, INC",40.768049,-73.935888
341,2021-04-28,RUSSO ELECTRIC INC.,40.6701,-73.820007
342,2021-04-27,H. & L. ELECTRIC INC,40.729265,-73.852016
343,2021-12-24,LIT MODE ELECL CONTG INC,40.63294,-73.883441
344,2021-07-16,VLASHAVA ELEC CONTR'G COR,40.8305,-73.948374
345,2021-04-28,LASER ELEC'L CONTR'G INC,40.750123,-73.904148
346,2021-04-28,WILLDAN ELECTRICAL OF NY,40.752074,-73.900691
347,2022-01-04,FOREST HILLS ELEC'L CONT.,40.727657,-73.952992
348,2021-04-28,WILLDAN ELECTRICAL OF NY,40.742329,-73.929157
349,2021-09-06,ADAM ELECL CONTRNG LLC,40.678303,-73.865245
350,2022-02-14,KNIGHT ELEC'L SERV. CORP.,40.737696,-73.992397
351,2021-04-28,APPROVED ELECTRIC CORP.,40.697873,-73.737711
352,2023-01-08,JTE ELECTRICAL SERVICES,40.656501,-73.885984
353,2022-02-14,KNIGHT ELEC'L SERV. CORP.,40.760753,-73.979818
354,2022-08-30,LION HEART ELECTRIC CORP,40.710042,-73.990247
355,2021-04-27,SUNRUN SOLAR ELECTL CORP,40.689471,-73.776659
356,2022-12-23,RAZA ELECTRIC INC,40.649577,-73.918941
357,2021-10-28,AMPERE ELECL SERVICES COR,40.637795,-73.951106
358,2021-04-27,BOROWIDE ELECT'L CONTR'S,40.757312,-73.889197
359,2023-01-08,NASH ELECTRIC SERVICES IN,40.702032,-73.946078
360,2022-02-15,GSA ELECTRIC CORP.,40.760175,-73.996751
361,2021-04-28,MEDCO ELECL CONTRNG INC,40.704469,-73.814179
362,2023-01-08,NASH ELECTRIC SERVICES IN,40.675937,-73.894603
363,2018-01-26,JOSEPH WEINSTEIN ELECTRIC,40.637496,-73.900364
364,2021-04-27,BERGER QUALITY ELEC'L CON,40.707913,-73.751457
365,2023-02-16,DENMAR ELECTRIC CORP,40.72894,-73.943166
366,2021-04-27,CSI ELEC'L & MECHANICAL I,40.746859,-73.885692
367,2021-05-13,R & T ELECTRICAL CORP,40.73329,-73.883973
368,2018-01-16,RELIANT ELEC'L CONT'G INC,40.663887,-73.899925
369,2022-02-25,PRUDENT ELECTRIC INC,40.761455,-73.950073
370,2022-12-24,ELDOR ELECTRIC LLC,40.66967,-73.93383
371,2021-10-28,KJK ELECTRIC INC,40.621858,-73.993091
372,2022-08-30,LION HEART ELECTRIC CORP,40.759861,-73.958662
373,2021-04-28,AMBER ELECTL CONTNG INC,40.753693,-73.817081
374,2018-10-17,"OPTIMAL ELECTRIC, INC",40.688772,-73.960873
375,2021-12-20,"BROOKYLN SOLARWORKS, LLC",40.677618,-73.912468
376,2022-02-13,"KINGS ELECTRIC CO., INC.",40.733848,-74.006286
377,2021-07-05,ELPO ELECTRICAL CONTG INC,40.812191,-73.944226
378,2022-11-28,"MATTISON ELECTRIC, INC",40.640456,-73.908784
379,2020-01-21,"RM ELECTRIC CO., INC.",40.749447,-73.867289
380,2020-03-16,GREEN POWER ELECTRIC CORP,40.777312,-73.922797
381,2020-11-12,METROPOLITAN ELEC OF NY I,40.73653,-73.851437
382,2021-01-28,ASKO ELEC CONST & MAIN IN,40.744211,-73.927812
383,2021-11-08,ENERCHARGE ELECTRIC CONT,40.597425,-73.977667
384,2021-04-19,NEW YORK EMPIRE ELECL CON,40.770772,-73.927119
385,2021-06-14,FSM ELECTRICAL CORPORATIO,40.758101,-73.914203
386,2021-06-21,ALL AROUND ELECTRIC CORP.,40.691879,-73.863725
387,2023-02-14,DENMAR ELECTRIC CORP,40.72894,-73.943166
388,2021-07-06,WILLDAN ELECTRICAL OF NY,40.712644,-73.899101
389,2022-12-22,TOP SHELF ELECTRIC CORP,40.733938,-73.954864
390,2021-12-17,J Y ELECTRIC INC,40.585248,-73.987788
391,2021-07-06,SUNRUN SOLAR ELECTL CORP,40.697924,-73.772115
392,2022-06-01,ALL WAYS ELECTRIC CORP.W,40.63267,-74.027309
393,2021-07-06,BERGER QUALITY ELEC'L CON,40.684156,-73.752212
394,2021-07-06,WILLDAN ELECTRICAL OF NY,40.712608,-73.898578
395,2023-03-15,"Q.Y. ELECTRIC, INC",40.817453,-73.888483
396,2022-08-30,LION HEART ELECTRIC CORP,40.8178,-73.961328
397,2022-06-01,ANTONIO CERIELLO ELEC INC,40.678836,-73.969899
398,2022-11-28,WEBSTAR ELECL CONTRS INC,40.676139,-73.95058
399,2021-07-06,AL-LECTRIC ELECT'L CONTRG,40.688502,-73.862769
400,2022-08-30,LION HEART ELECTRIC CORP,40.776709,-73.988832
401,2021-07-13,J Y ELECTRIC INC,40.671837,-73.856675
402,2022-06-01,"DIFALZO ELECTRIC NY, INC",40.707354,-73.935279
403,2021-07-06,LENLITE ELEC'L CONTR'S IN,40.671823,-73.783243
404,2022-11-28,BERGER QUALITY ELEC'L CON,40.669727,-73.866676
405,2023-03-15,"Q.Y. ELECTRIC, INC",40.817525,-73.88853
406,2022-07-25,SOLAS ELECTRICAL CORP,40.678788,-73.896084
407,2022-08-30,LION HEART ELECTRIC CORP,40.757486,-74.000729
408,2018-01-29,JOSEPH WEINSTEIN ELECTRIC,40.648009,-73.945376
409,2021-07-10,JAM ELECTRICAL CORP,40.747319,-73.928137
410,2021-07-06,FSM ELECTRICAL CORPORATIO,40.758101,-73.914203
411,2023-02-14,DENMAR ELECTRIC CORP,40.72894,-73.943166
412,2021-07-06,V&B ELECTRICAL CONTNG INC,40.705541,-73.810458
413,2022-12-22,TOP SHELF ELECTRIC CORP,40.680322,-73.988488
414,2021-10-28,FRIED ELECTRIC CO.,40.655032,-73.950012
415,2022-02-13,MARTIN DORKIN,40.722513,-73.982564
416,2022-12-22,A.L. ELECTRICAL CORP.,40.593781,-73.947408
417,2020-06-27,RIDGE ELECTRIC CORP.,40.609628,-74.066024
418,2021-07-14,BIANCO ELECTRIC INC.,40.652926,-73.845061
419,2021-07-07,PAC ELECTRIC CORP.,40.667525,-73.817919
420,2021-07-07,THALES ELECTRIC LLC,40.731497,-73.739253
421,2021-12-21,"BROOKYLN SOLARWORKS, LLC",40.64481,-73.971871
422,2018-01-30,JOSEPH WEINSTEIN ELECTRIC,40.69507,-73.995276
423,2023-02-14,DENMAR ELECTRIC CORP,40.72894,-73.943166
424,2021-10-28,ACCURATE ELEC'L CORP.,40.698281,-73.993332
425,2021-06-17,SAUSE ELECTRIC CO.,40.61174,-74.091241
426,2023-01-11,WALLICCAN ELEC'L CONTR IN,40.639559,-73.932768
427,2023-02-14,J Y ELECTRIC INC,40.641077,-73.99608
428,2021-12-17,CONSOLIDATED EDISON CO,40.674489,-73.985284
429,2021-10-29,OM ELECTRICAL CONTRACTING,40.619197,-73.9228
430,2021-07-06,WEBSITE ELECTRIC CORP.,40.639202,-74.076384
431,2021-04-27,"POWER SURGE ELECTRIC, INC",40.629706,-74.08343
432,2021-07-06,SUNRUN SOLAR ELECTL CORP,40.575437,-74.163554
433,2022-02-14,RALEIGH POWELL LIC ELEC,40.769537,-73.954746
434,2022-09-01,LION HEART ELECTRIC CORP,40.701928,-74.010589
435,2021-10-29,AUJLA ELECTRIC CORP,40.688529,-73.973897
436,2021-07-06,PRIME ELECTRICAL CORP,40.603459,-74.131514
437,2019-08-12,R & T ELECTRICAL CORP,40.86185,-73.892577
438,2020-09-14,NOVA ELECTRIC LLC,40.852834,-73.84217
439,2021-01-20,R.E.L.D ELECTRICAL CORP,40.825553,-73.8242
440,2021-07-07,RIDGE ELECTRIC CORP.,40.547644,-74.192984
441,2018-05-03,ELECTRICAL SOLUTIONS LLC,40.71437,-73.953633
442,2022-02-13,ACCURATE ELEC'L CORP.,40.734795,-73.99291
443,2021-12-17,METROPOLITAN ELEC OF NY I,40.692696,-73.91776
444,2021-04-13,SINCHRONY ELECTRIC INC,40.76663,-73.968899
445,2021-03-23,FUSION ELECTL CONTRNG LLC,40.886429,-73.912248
446,2021-06-02,ISLAND ELECTRIC CORP,40.853431,-73.862953
447,2020-12-24,MACINTOSH ELECTRIC CORP,40.821921,-73.853104
448,2021-03-26,CONSOLIDATED EDISON CO,40.823685,-73.875968
449,2021-07-07,LIVE WIRE ELECTRIC 1 LLC,40.883375,-73.833342
450,2021-07-06,JOSEPH WEINSTEIN ELECTRIC,40.845016,-73.880399
451,2023-02-14,RICHARD NEU,40.660485,-73.912152
452,2019-07-09,GLENDALE ELECTL CONTNG IN,40.784877,-73.982728
453,2022-01-10,FIRST STAR ELECTRIC INC,40.802871,-73.945672
454,2021-10-29,JRS ELECTRIC INC,40.719221,-73.964188
455,2018-01-31,MAN POWER ELECTRIC INC,40.62169,-73.937368
456,2023-02-13,VALLEY ELECTRIC OF NY INC,40.690025,-73.966195
457,2021-07-07,VLASHAVA ELEC CONTR'G COR,40.827792,-73.920361
458,2019-07-22,RICHARD NEU,40.653856,-73.954709
459,2020-11-20,CONSOLIDATED EDISON CO,40.674489,-73.985284
460,2021-12-21,"BROOKYLN SOLARWORKS, LLC",40.654852,-73.981129
461,2022-06-02,"CAPUTEK ELEC'L SERVICES,",40.670851,-73.952488
462,2022-09-01,LION HEART ELECTRIC CORP,40.869118,-73.931618
463,2023-03-15,"Q.Y. ELECTRIC, INC",40.817679,-73.88862
464,2023-03-15,"Q.Y. ELECTRIC, INC",40.817813,-73.888703
465,2021-03-15,DELTA POWER ELECTRICAL,40.74772,-73.973737
466,2020-12-15,WCK ELECTRIC CORP.,40.662873,-73.942314
467,2020-06-09,ELMAC ELECTRIC INC.,40.656657,-73.976108
468,2021-05-12,FRIED ELECTRIC CO.,40.70115,-73.924689
469,2021-12-17,METROPOLITAN ELEC OF NY I,40.691909,-73.918537
470,2020-07-06,"NTS ELECTRICAL, INC",40.579489,-73.96255
471,2021-04-13,R & T ELECTRICAL CORP,40.623491,-74.006545
472,2021-06-07,BERGER QUALITY ELEC'L CON,40.660734,-73.940756
473,2022-06-01,"DIFALZO ELECTRIC NY, INC",40.687196,-73.981921
474,2022-06-01,"DIFALZO ELECTRIC NY, INC",40.687196,-73.981921
475,2021-03-12,BERGER QUALITY ELEC'L CON,40.634037,-73.902491
476,2017-12-19,ARC POWER ELECL CONTS INC,40.659083,-74.001737
477,2021-06-08,VENTURE HOME SOLAR LLC,40.633602,-73.895085
478,2021-02-24,VENTURE HOME SOLAR LLC,40.667483,-73.868018
479,2021-03-15,COMBINED ELECL CONTNG INC,40.589335,-73.924545
480,2021-03-27,SIGNS CAD CORP,40.652877,-73.877056
481,2021-04-12,"BROOKYLN SOLARWORKS, LLC",40.687378,-73.953612
482,2022-10-03,CENTENNIAL ELEVATOR INDUS,40.76119,-73.971042
483,2021-04-19,ELECTL CONTG SOLUTIONS CO,40.747086,-73.993457
484,2021-06-11,BERGER QUALITY ELEC'L CON,40.64346,-73.887873
485,2023-02-14,APPROVED ELECTRIC CORP.,40.690913,-73.904496
486,2023-02-13,RICHARD NEU,40.637991,-73.969651
487,2021-03-28,ARC POWER ELECL CONTS INC,40.610445,-74.000256
488,2021-06-15,BERGER QUALITY ELEC'L CON,40.640236,-73.940709
489,2021-06-16,BERGER QUALITY ELEC'L CON,40.684281,-73.960046
490,2021-06-16,BERGER QUALITY ELEC'L CON,40.60373,-73.941505
491,2019-01-16,LOWY & DONNATH INC.,40.761559,-73.974681
492,2021-06-18,"BROOKYLN SOLARWORKS, LLC",40.686859,-73.98261
493,2019-04-11,WCK ELECTRIC CORP.,40.734509,-73.88405
494,2021-06-03,ELECTRICAL SOLUTIONS LLC,40.734916,-73.977253
495,2021-06-03,ELECTRICAL SOLUTIONS LLC,40.734916,-73.977253
496,2023-02-13,KWONG MING ELECTRIC INC,40.62693,-74.009222
497,2021-06-22,ELECTRICAL SOLUTIONS LLC,40.734916,-73.977253
498,2021-06-25,"BROOKYLN SOLARWORKS, LLC",40.644153,-73.984192
499,2021-06-21,BERGER QUALITY ELEC'L CON,40.630484,-73.897655
500,2019-10-11,LOWY & DONNATH INC.,40.729975,-73.995681
501,2021-06-24,CONDUCTOR ELECL SVCS INC,40.796754,-73.970727
502,2022-07-25,SOLAS ELECTRICAL CORP,40.651446,-73.95461
503,2022-11-05,KNIGHT ELEC'L SERV. CORP.,40.759541,-73.972245
504,2019-10-01,DEMAND ELECTRIC INC,40.779725,-73.984524
505,2019-11-01,FOREST ELECTRIC CORP.,40.761887,-73.968421
506,2022-06-02,WILLDAN ELECTRICAL OF NY,40.700092,-73.912103
507,2020-02-25,LOWY & DONNATH INC.,40.730398,-73.994938
508,2021-07-21,POLO ELECTRIC CORP. D/B/A,40.754658,-74.001411
509,2021-09-14,BIG CITY ELECTRICAL CONT,40.75939,-73.963376
510,2020-07-28,MLS ELECTRIC LLC,40.760408,-73.989359
511,2018-07-05,ELECTRICAL SOLUTIONS LLC,40.739666,-73.992725
512,2020-08-06,"K & R ELECTRIC CO., INC.",40.746249,-73.979339
513,2020-02-20,EIS ELECTRIC CORP DBA,40.766378,-73.971459
514,2020-07-02,WMS ELECTRICAL CONTNG LTD,40.783091,-73.976049
515,2023-01-09,STAR ELECTRIC CORP,40.629102,-73.965984
516,2022-11-29,WIRE ELECTRIC INST CO INC,40.71543,-73.991606
517,2020-08-11,R-2 ELECTRIC INC,40.735875,-73.985289
518,2021-04-22,EPC ELECTRICAL CORP.,40.752699,-73.967
519,2022-02-12,J Y ELECTRIC INC,40.754781,-73.870927
520,2022-06-01,ITS ELECTRIC 45 INC,40.598884,-73.997839
521,2022-06-01,SUNRUN SOLAR ELECTL CORP,40.623684,-73.999323
522,2023-02-13,"TRINCITY ELECTRIC, INC",40.677941,-73.918326
523,2020-12-14,NY ELECT MAINT & DATA COR,40.751306,-73.987656
524,2021-04-15,SIGNS CAD CORP,40.753711,-73.987046
525,2022-07-25,SOLAS ELECTRICAL CORP,40.673531,-74.009121
526,2021-12-17,CHARAN ELEC'L ENTERP'S IN,40.666417,-73.876563
527,2021-09-29,ESSEX ELECTRIC INC,40.776112,-73.957565
528,2021-03-08,J & Y ELECTRIC AND INTER*,40.804481,-73.957623
529,2021-01-29,M.C. ELECTRICAL NY INC,40.754946,-73.986161
530,2019-01-08,E.N.E.L. ELECTRICAL CORP,40.593806,-73.792404
531,2022-11-27,J.H. ELEC. OF NEW YORK IN,40.714025,-74.007647
532,2021-01-26,POWER POINT ELECTRIC INC,40.746712,-74.001826
533,2021-09-30,URBANO'S ELECTRICAL CORP,40.776379,-73.952243
534,2021-03-30,DAL ELECTRICAL CORP.,40.762635,-73.974222
535,2022-06-01,CHARAN ELEC'L ENTERP'S IN,40.700609,-73.93834
536,2023-01-10,A #1 UNIVERSAL ELEC'L INC,40.612842,-73.998228
537,2021-10-26,ARGON ELECTRICAL CORP,40.777019,-73.986522
538,2021-04-20,JONG HYUN KIM,40.731416,-73.994342
539,2021-03-17,EIS ELECTRIC CORP DBA,40.783003,-73.955712
540,2023-02-13,E & M ELECTRICAL NY CORP,40.622647,-73.926272
541,2022-12-22,VENTURE HOME SOLAR LLC,40.576114,-73.949881
542,2021-01-26,ROBERT CHIMENTI,40.733954,-73.986595
543,2021-07-22,ROBERT CHIMENTI,40.786327,-73.942442
544,2018-07-31,BDS ELECTRIC CORP.,40.663614,-73.774792
545,2018-11-01,WEBSTAR ELECL CONTRS INC,40.686732,-73.757885
546,2018-05-03,FERRARA ELECTRICAL CORP.,40.73404,-73.939067
547,2021-06-30,BOROWIDE ELECT'L CONTR'S,40.770873,-73.953315
548,2023-02-13,BERGER QUALITY ELEC'L CON,40.640723,-73.902727
549,2021-10-26,ARGON ELECTRICAL CORP,40.776193,-73.984984
550,2023-02-13,RICHARD NEU,40.679655,-73.965356
551,2022-06-01,CHARAN ELEC'L ENTERP'S IN,40.648423,-73.925948
552,2021-11-01,ROBERT CHIMENTI,40.765569,-73.966427
553,2022-01-20,OMAS ELECTRIC INC,40.765162,-73.963514
554,2021-10-28,R.C.M. ELECTRIC CORP.,40.769502,-73.989451
555,2023-01-11,A #1 UNIVERSAL ELEC'L INC,40.62236,-73.986261
556,2019-02-01,MEO ELECTRIC CORP,40.71355,-73.91561
557,2021-06-14,ELECTRICAL SOLUTIONS LLC,40.725567,-74.004737
558,2019-05-06,SIGNS CAD CORP,40.703793,-73.799019
559,2018-10-09,LEONE ELECTRIC CO. INC,40.677582,-73.972312
560,2021-11-04,MAGNA ELECTRIC CORP,40.777421,-73.956734
561,2018-02-08,JOSEPH WEINSTEIN ELECTRIC,40.637012,-73.950022
562,2018-08-16,WCK ELECTRIC CORP.,40.721168,-73.843365
563,2022-06-01,CHARAN ELEC'L ENTERP'S IN,40.648657,-73.922171
564,2020-01-20,ISLAND ELECTRIC CORP,40.69391,-73.865365
565,2018-09-24,WCK ELECTRIC CORP.,40.70556,-73.906087
566,2018-11-06,WCK ELECTRIC CORP.,40.689393,-73.801677
567,2019-10-04,AL-LECTRIC ELECT'L CONTRG,40.745076,-73.864013
568,2021-03-21,ADAM ELECL CONTRNG LLC,40.681048,-73.859003
569,2021-04-22,"BROOKYLN SOLARWORKS, LLC",40.715809,-73.855484
570,2021-04-28,G & R ELECTL CONTRS INC,40.715489,-73.747836
571,2020-08-11,WCK ELECTRIC CORP.,40.703998,-73.9053
572,2020-08-11,WCK ELECTRIC CORP.,40.704031,-73.905264
573,2022-03-25,ROBERT CHIMENTI,40.731656,-73.983316
574,2020-08-26,WCK ELECTRIC CORP.,40.683768,-73.85688
575,2021-02-16,ABSOLUTE ELECL SVCE INC,40.70626,-73.800321
576,2023-02-13,BERGER QUALITY ELEC'L CON,40.695767,-73.992806
577,2022-12-22,A.T.J. ELECTRICAL CO.INC.,40.678488,-73.962105
578,2021-02-16,ABSOLUTE ELECL SVCE INC,40.70626,-73.800321
579,2018-12-12,LEONE ELECTRIC CO. INC,40.702434,-73.913009
580,2021-06-17,VENTURE HOME SOLAR LLC,40.705226,-73.746251
581,2021-06-29,ATMOS ELECTRIC SVCE CORP,40.764721,-73.827996
582,2021-07-01,JONG HYUN KIM,40.763352,-73.827989
583,2021-12-17,"INTELOGIC ELECTRIC, INC.",40.628967,-74.012624
584,2020-10-26,"VALENTIS ELECTRIC, INC.",40.759725,-73.905957
585,2021-01-08,QEC ELECTRICAL SVCE CORP,40.763354,-73.909897
586,2021-06-15,BERGER QUALITY ELEC'L CON,40.594223,-74.088423
587,2018-12-18,RIVIERA ELECTRIC CORP,40.701267,-73.912845
588,2021-02-19,WCK ELECTRIC CORP.,40.776752,-73.935543
589,2021-06-21,BERGER QUALITY ELEC'L CON,40.538153,-74.190841
590,2022-07-26,ROBERT CHIMENTI,40.772415,-73.966525
591,2021-02-27,AYYUB ELECTRIC CORP,40.690042,-73.781247
592,2021-02-26,GMJ ELECTRIC CORP,40.669935,-73.774547
593,2021-02-26,GMJ ELECTRIC CORP,40.734195,-73.778472
594,2022-06-02,PRESTIGE ELECL CONTG CORP,40.698518,-73.934454
595,2021-03-06,BERGER QUALITY ELEC'L CON,40.668457,-73.752902
596,2021-08-11,"ECNY ELEC'L CONTR'S, INC",40.873849,-73.886085
597,2018-02-13,AA SAFETY ELECTRIC INCORP,40.679244,-73.885459
598,2021-03-23,KJK ELECTRIC INC,40.720167,-73.85678
599,2021-03-30,BERGER QUALITY ELEC'L CON,40.690849,-73.79613
600,2022-06-02,DAVEN ELECTRIC CORP,40.647126,-73.961492
601,2021-03-12,WESTSIDE ELECTRIC INC,40.745074,-73.715684
602,2021-06-02,ISLAND ELECTRIC CORP,40.853431,-73.862953
603,2021-04-15,BERGER QUALITY ELEC'L CON,40.697776,-73.731674
604,2022-06-01,TITAN ELEC'L & ELEV CONTR,40.663773,-73.952994
605,2021-04-22,"BROOKYLN SOLARWORKS, LLC",40.716489,-73.855082
606,2018-11-01,FQE ELECTRIC LLC,40.692696,-73.920851
607,2019-04-12,LSM ELECTRICAL CONTNG INC,40.602967,-73.969728
608,2020-02-03,INDY ELECTRIC CORP.,40.663788,-73.995952
609,2022-06-01,AUJLA ELECTRIC CORP,40.671107,-73.915974
610,2020-06-19,NAS ELECTRIC CORP,40.682812,-74.002838
611,2020-10-28,"RAINBOW ELECTRIC CO., INC",40.675893,-73.91742
612,2021-04-22,V. VASS ELECTRIC CORP,40.757657,-73.865366
613,2020-10-02,WCK ELECTRIC CORP.,40.613847,-74.082539
614,2020-09-10,REDLINE ELECTRIC INC,40.579912,-74.007301
615,2021-02-01,"LINTECH ELECTRIC, INC",40.651675,-73.950245
616,2020-11-02,WCK ELECTRIC CORP.,40.63975,-74.17126
617,2021-03-01,JAMES F. VOLPE ELEC'L,40.709319,-73.968497
618,2021-05-03,RJ RUSSO ELECTRIC CO.,40.632189,-73.955603
619,2021-06-26,DOUMAS ELECTRIC INC.,40.679589,-73.995288
620,2019-01-28,RIVIERA ELECTRIC CORP,40.649344,-74.008281
621,2021-06-28,AMPERE ELECL SERVICES COR,40.66188,-73.890953
622,2019-03-14,RICHARD NEU,40.641761,-74.114913
623,2021-03-05,BERGER QUALITY ELEC'L CON,40.612406,-74.162506
624,2021-03-10,BERGER QUALITY ELEC'L CON,40.597502,-74.134664
625,2021-07-07,"ZIN ELECTRICAL, INC",40.685131,-73.996838
626,2022-08-02,"AXCEL ELECTRIC CO., INC.",40.753991,-73.997726
627,2023-02-13,"DIFALZO ELECTRIC NY, INC",40.650467,-73.97361
628,2018-12-24,FERRARA ELECTRICAL CORP.,40.834814,-73.830117
629,2021-06-11,AAA'S ELECTL CONTG CORP,40.683045,-73.729181
630,2021-07-07,CHARAN ELEC'L ENTERP'S IN,40.667545,-73.991046
631,2022-02-13,BLZ ELECTRIC INC.,40.728379,-73.821181
632,2018-02-09,JOSEPH WEINSTEIN ELECTRIC,40.682048,-73.928287
633,2021-07-13,KNIGHT ELEC'L SERV. CORP.,40.698858,-73.944087
634,2021-06-10,ELECTRICAL SOLUTIONS LLC,40.741547,-73.978225
635,2021-07-07,"ABM ELECTRIC, INC",40.595341,-73.993457
636,2021-07-07,"ABM ELECTRIC, INC",40.582585,-73.963477
637,2019-02-01,NASH ELECTRIC SERVICES IN,40.868482,-73.88506
638,2021-10-28,"ABM ELECTRIC, INC",40.788952,-73.944538
639,2021-07-07,RICHARD NEU,40.66492,-73.941959
640,2019-06-06,"K & R ELECTRIC CO., INC.",40.836597,-73.822202
641,2022-01-22,MILAD CONTRACTING CORP.,40.676094,-73.935688
642,2022-06-01,AUJLA ELECTRIC CORP,40.692362,-73.918064
643,2018-02-12,BOROWIDE ELECT'L CONTR'S,40.689971,-73.982172
644,2018-02-16,"QUEUE ELEC'L CONTRS, INC",40.675357,-73.938861
645,2019-08-24,WCK ELECTRIC CORP.,40.865194,-73.90229
646,2023-02-13,ANTONIO CERIELLO ELEC INC,40.668155,-73.899742
647,2019-11-27,UNITED ELEC'L CONT'G CORP,40.842238,-73.922176
648,2021-07-07,RICHARD NEU,40.694239,-73.922079
649,2022-12-01,FIRST STAR ELECTRIC INC,40.727237,-73.952303
650,2021-07-07,SPICE ELECTRIC COMPANY,40.616293,-73.953373
651,2022-02-11,EVERBRIGHT ELECTRIC INC,40.740426,-73.988976
652,2020-03-25,PLATINUM PWR ELECTL CONT,40.82974,-73.916142
653,2022-06-06,DAVEN ELECTRIC CORP,40.650673,-73.965166
654,2023-02-13,ANTONIO CERIELLO ELEC INC,40.668282,-73.900704
655,2023-01-10,GREEN LIGHT ELECL & MECH,40.821409,-73.940595
656,2021-12-17,METROPOLITAN ELEC OF NY I,40.697549,-73.921169
657,2021-07-07,S&R ELECTRICAL & MECHANIC,40.66143,-73.993325
658,2020-02-17,AZTECA LIGHTING & ELEC IN,40.827743,-73.900105
659,2023-02-13,STANCO SYSTEM ELEC'L CONT,40.624173,-74.018732
660,2021-07-08,ELECTRICAL SOLUTIONS LLC,40.730129,-73.974585
661,2023-02-13,FISHER ELECL CONTNG LLC,40.606719,-73.907577
662,2022-07-25,SOLAS ELECTRICAL CORP,40.755018,-73.998816
663,2022-07-25,S.E. ELECTL CONTNG CORP,40.752699,-73.967
664,2020-09-04,WMS ELECTRICAL CONTNG LTD,40.867516,-73.846593
665,2021-07-07,S&R ELECTRICAL & MECHANIC,40.661479,-73.993274
666,2022-02-12,AMBER ELECTL CONTNG INC,40.616591,-74.150965
667,2020-08-25,UNISYS ELECTRIC INC.,40.813641,-73.925313
668,2023-02-13,CHARAN ELEC'L ENTERP'S IN,40.621565,-73.965595
669,2021-01-15,SIGNS CAD CORP,40.817707,-73.923968
670,2021-07-08,WILLDAN ELECTRICAL OF NY,40.68599,-73.944429
671,2018-02-15,JOSEPH WEINSTEIN ELECTRIC,40.69143,-73.990826
672,2020-12-24,MACINTOSH ELECTRIC CORP,40.821921,-73.853104
673,2021-07-20,ELECTRICAL SOLUTIONS LLC,40.740581,-73.978925
674,2018-03-05,ANTONIO CERIELLO ELEC INC,40.68678,-73.984463
675,2020-11-24,UNITED ELEC'L CONT'G CORP,40.842238,-73.922176
676,2021-07-08,NAS ELECTRIC CORP,40.675453,-74.000256
677,2021-07-07,L&B ELEC'L INTERNATIONAL,40.698597,-73.992452
678,2021-07-21,ELECTRICAL SOLUTIONS LLC,40.741547,-73.978225
679,2021-01-15,SIGNS CAD CORP,40.855808,-73.867658
680,2023-02-14,ILLUMINOUS ELECTRIC CORP.,40.576271,-73.982552
681,2021-02-15,CAT DEL-V ELECTRIC CORP,40.842793,-73.833729
682,2022-07-23,VALLEY ELECTRIC OF NY INC,40.727972,-73.980687
683,2023-02-13,KJK ELECTRIC INC,40.717064,-73.944814
684,2021-02-04,"OM ELECTRIC, INC",40.847279,-73.919958
685,2021-02-23,I.P. ELECTRIC INC,40.839693,-73.822313
686,2021-01-27,TRIBECA ELECTRICAL CORP,40.860043,-73.888267
687,2021-03-10,BERGER QUALITY ELEC'L CON,40.841222,-73.888093
688,2021-03-19,BERGER QUALITY ELEC'L CON,40.860854,-73.905445
689,2022-02-17,CUBE ELECTRICAL CORP,40.782659,-73.799702
690,2021-04-08,BERGER QUALITY ELEC'L CON,40.81565,-73.907211
691,2021-04-09,BERGER QUALITY ELEC'L CON,40.830925,-73.894752
692,2023-02-14,ILLUMINOUS ELECTRIC CORP.,40.576318,-73.983607
693,2021-04-21,AMBER ELECTL CONTNG INC,40.840256,-73.887751
694,2023-02-14,K.A.B. ELECTRIC CORP,40.688005,-73.928601
695,2021-03-26,CONSOLIDATED EDISON CO,40.823685,-73.875968
696,2021-07-07,POWER DIRECT ELECTRIC INC,40.657338,-73.958329
697,2023-01-09,DAVEN ELECTRIC CORP,40.787488,-73.948764
698,2021-12-20,J Y ELECTRIC INC,40.694829,-73.914494
699,2022-03-22,UL ELECTRICAL CORP.,40.736849,-73.874942
700,2021-10-28,LIGHTWIRE ELECTRIC CORP,40.725108,-73.988772
701,2021-04-27,"R. GUNZER, INC.",40.860733,-73.889535
702,2021-07-07,COUNTY ELECL CONTRACTOR I,40.627166,-73.955599
703,2021-04-28,MACINTOSH ELECTRIC CORP,40.881995,-73.921164
704,2021-04-28,"GRID CITY ELECTRIC, CORP",40.827907,-73.908769
705,2022-02-13,CONSOLIDATED EDISON CO,40.644518,-74.110781
706,2020-09-02,"KLEINKNECHT ELEC. CO.,INC",40.758275,-73.971055
707,2021-04-27,"R. GUNZER, INC.",40.860733,-73.889535
708,2021-04-27,"R. GUNZER, INC.",40.860733,-73.889535
709,2018-02-20,JOSEPH WEINSTEIN ELECTRIC,40.590736,-73.968567
710,2021-04-27,"R. GUNZER, INC.",40.860733,-73.889535
711,2021-04-28,STEVEN FARKAS,40.84196,-73.857725
712,2021-10-28,JOSEPH WEINSTEIN ELECTRIC,40.741833,-73.980971
713,2021-04-27,"R. GUNZER, INC.",40.860733,-73.889535
714,2023-02-14,AMERICAN POWER ELECT CONS,40.65496,-73.975312
715,2018-02-22,SUPER CHARGED ELEC. INC.,40.686513,-73.985844
716,2023-01-08,"POWER SURGE ELECTRIC, INC",40.780715,-73.978584
717,2021-12-20,JTE ELECTRICAL SERVICES,40.715873,-73.966268
718,2021-08-02,ELECTRICAL SOLUTIONS LLC,40.734466,-73.975575
719,2021-05-03,POWER DIRECT ELECTRIC INC,40.838762,-73.869185
720,2021-10-28,JRD ELECTRIC CORP.,40.756039,-73.990651
721,2021-05-05,RICHARD NEU,40.878541,-73.868716
722,2022-11-28,BERGER QUALITY ELEC'L CON,40.676864,-73.802078
723,2022-02-13,RICHMOND ELEC'L CONTR'S,40.58212,-74.092544
724,2018-08-21,"RAINBOW ELECTRIC CO., INC",40.668244,-73.987066
725,2023-01-09,SOLAS ELECTRICAL CORP,40.773378,-73.965109
726,2019-02-26,OHM'S ELECTRICAL CORP,40.765257,-73.959868
727,2019-12-10,H. & L. ELECTRIC INC,40.771205,-73.970309
728,2020-01-18,FSM ELECTRICAL CORPORATIO,40.753991,-73.997726
729,2020-07-15,AGIR ELEC'L LTD. D/B/A,40.753715,-73.9786
730,2020-09-14,QEC ELECTRICAL SVCE CORP,40.764517,-73.971684
731,2021-07-08,R & T ELECTRICAL CORP,40.617328,-73.985037
732,2020-10-08,"MRD ELEC'L SERVICES, INC",40.786574,-73.948303
733,2020-04-27,UNITED ELEC'L CONT'G CORP,40.836194,-73.938586
734,2020-12-15,HYLAN DATACOM & ELECL LLC,40.788718,-73.976166
735,2020-12-11,HYLAN DATACOM & ELECL LLC,40.790102,-73.976956
736,2020-12-09,"POWER SURGE ELECTRIC, INC",40.79279,-73.940844
737,2020-12-11,HYLAN DATACOM & ELECL LLC,40.800253,-73.969064
738,2020-12-10,HYLAN DATACOM & ELECL LLC,40.793278,-73.967233
739,2021-01-15,GSA ELECTRIC CORP.,40.714672,-73.982328
740,2021-03-24,MWB ELECTRIC CORP.,40.790607,-73.976588
741,2021-04-09,BERGER QUALITY ELEC'L CON,40.831646,-73.917133
742,2021-12-20,"KINGS ELECTRIC CO., INC.",40.577878,-73.972429
743,2021-04-16,DENNISON ELECTRIC CORP,40.729687,-74.004431
744,2021-04-23,JK ELECTRICAL INC,40.903337,-73.849049
745,2021-04-21,AMBER ELECTL CONTNG INC,40.840256,-73.887751
746,2021-04-22,ISLAND ELECTRIC CORP,40.875103,-73.85636
747,2021-05-27,MARTIN DORKIN,40.764316,-73.968767
748,2021-05-17,HYLAN DATACOM & ELECL LLC,40.845608,-73.934609
749,2021-05-17,HYLAN DATACOM & ELECL LLC,40.845608,-73.934609
750,2021-05-17,HYLAN DATACOM & ELECL LLC,40.828827,-73.944967
751,2021-05-17,HYLAN DATACOM & ELECL LLC,40.830684,-73.947358
752,2018-05-28,REDD ELECTRICAL SVCS INC,40.673531,-73.881604
753,2018-09-04,"FOSTER ELEC'L SVC., INC.",40.618269,-73.935552
754,2019-04-30,"FOSTER ELEC'L SVC., INC.",40.613549,-73.962016
755,2017-12-21,SUNRUN SOLAR ELECTL CORP,40.667797,-73.857632
756,2020-06-05,DYNAMIC ELEC'L CONTRS INC,40.669317,-73.940791
757,2020-08-20,BLZ ELECTRIC INC.,40.644648,-73.996436
758,2020-10-09,A.C. MORGAN ELECTRIC,40.62205,-73.988855
759,2020-11-23,PROSPECT ELECT. SERV INC,40.693131,-73.969042
760,2020-12-23,MODERN TREND ELECL CONTRG,40.688111,-73.947088
761,2022-12-22,RICHARD NEU,40.625914,-73.983396
762,2021-01-13,A.C. MORGAN ELECTRIC,40.635181,-74.004435
763,2021-10-28,"AXCEL ELECTRIC CO., INC.",40.754732,-73.989782
764,2017-12-07,"SAFEWAY CONSTRUCTION, INC",40.618067,-73.901513
765,2021-03-23,T. DIRUSSO ELEC'L CONT IN,40.680845,-73.981511
766,2021-08-11,SIGNS CAD CORP,40.735423,-73.992242
767,2017-12-04,SWITCH ELECT OF THE FIVE,40.675907,-73.89505
768,2019-05-08,RIVIERA ELECTRIC CORP,40.593173,-73.939491
769,2022-11-27,"LINTECH ELECTRIC, INC",40.704799,-73.796524
770,2021-04-28,A.S.K. ELECTRICAL CORP,40.701406,-73.922932
771,2022-02-13,BERGER QUALITY ELEC'L CON,40.593636,-74.157171
772,2021-06-10,POWER POINT ELECTRIC INC,40.747926,-74.0027
773,2021-04-28,SUPER CHARGED ELEC. INC.,40.683643,-73.995291
774,2021-04-28,"HMA ELECTRIC, LLC",40.672754,-73.8757
775,2017-12-05,ALL WAYS ELECTRIC CORP.W,40.720178,-73.961861
776,2017-12-05,RIVIERA ELECTRIC CORP,40.713374,-73.947566
777,2017-12-06,BERGER QUALITY ELEC'L CON,40.637382,-73.892153
778,2023-01-09,IZZO ELECTRIC INC.,40.865818,-73.926444
779,2018-02-20,"FOSTER ELEC'L SVC., INC.",40.623898,-73.944376
780,2021-10-28,"KV POWER ELECTRIC, INC.",40.738736,-73.992321
781,2017-12-06,ANTONIO CERIELLO ELEC INC,40.677583,-73.997008
782,2017-12-05,CONSOLIDATED EDISON CO,40.688127,-73.980417
783,2021-12-16,LIT MODE ELECL CONTG INC,40.636266,-74.117509
784,2021-06-16,DENMAR ELECTRIC CORP,40.755643,-73.972305
785,2018-01-10,DUNRITE ELECTRICAL CORP,40.700899,-73.923766
786,2021-06-14,UNITED ELEC'L CONT'G CORP,40.836194,-73.938586
787,2021-04-28,BERGER QUALITY ELEC'L CON,40.626079,-73.941928
788,2018-01-10,DUNRITE ELECTRICAL CORP,40.700899,-73.923766
789,2021-10-29,AWESOME ELECTL CONTNG INC,40.874295,-73.909281
790,2023-02-13,OGC ELECTRICAL CONTRACTOR,40.664522,-73.931532
791,2022-12-22,"KINGS ELECTRIC CO., INC.",40.686415,-73.971493
792,2023-01-08,NASH ELECTRIC SERVICES IN,40.755978,-73.992694
793,2018-02-21,ELECTRICAL SECURITY CORP.,40.597872,-73.93361
794,2023-02-13,DELTEX ELECTRICAL CONT. I,40.645409,-73.899646
795,2021-04-28,"ABM ELECTRIC, INC",40.64726,-73.881114
796,2021-06-24,MAC FHIONNGHAILE & SONS,40.737159,-73.978331
797,2021-04-28,"TRINCITY ELECTRIC, INC",40.704415,-73.919419
798,2021-10-28,ELPO ELECTRICAL CONTG INC,40.725545,-73.994974
799,2021-01-25,"GOTTLIEB ELECTRIC, LLC",40.826048,-73.923102
800,2017-12-05,QEC ELECTRICAL SVCE CORP,40.691688,-73.991742
801,2017-12-07,"LENS ELECTRIC, INC",40.731834,-73.957903
802,2017-12-07,"LENS ELECTRIC, INC",40.731834,-73.957903
803,2021-04-29,"LIPPOLIS ELECTRIC, INC.",40.664432,-73.896114
804,2017-12-09,STEVEN FARKAS,40.69429,-73.997631
805,2023-02-14,DENMAR ELECTRIC CORP,40.729904,-73.944248
806,2018-03-28,PRIME ELECTRICAL CORP,40.635831,-73.9829
807,2021-05-03,HV ELECTRIC CORP,40.684488,-73.876468
808,2017-12-06,TOP SHELF ELECTRIC CORP,40.703504,-73.989552
809,2021-10-28,A & S ELECTRIC INC.,40.727015,-73.9876
810,2021-04-29,A.C. MORGAN ELECTRIC,40.636222,-74.007707
811,2019-09-19,JONG HYUN KIM,40.760853,-73.765424
812,2018-02-26,JOSEPH WEINSTEIN ELECTRIC,40.688075,-73.941943
813,2021-04-29,GOODALL ELECTRIC CORP,40.614236,-73.975907
814,2021-04-28,AMRA ELECTRICAL CORP,40.662005,-73.932068
815,2023-02-13,ZEV ELECTRIC CORP.,40.64179,-73.981872
816,2021-07-31,S.E. ELECTL CONTNG CORP,40.732829,-73.994072
817,2017-12-06,CHARAN ELEC'L ENTERP'S IN,40.632524,-73.924417
818,2023-03-15,"Q.Y. ELECTRIC, INC",40.81789,-73.888746
819,2018-01-05,CHARAN ELEC'L ENTERP'S IN,40.654031,-73.894854
820,2023-02-14,NASH ELECTRIC SERVICES IN,40.688566,-73.980045
821,2021-09-10,ELECTRICAL SOLUTIONS LLC,40.740485,-73.978998
822,2021-04-28,RICHARD NEU,40.575209,-73.981148
823,2021-05-24,STAN ELECTRIC INC,40.630961,-74.020161
824,2022-11-28,INFINITI ELECTRIC CORP,40.683621,-73.789597
825,2018-06-04,PRIME ELECTRICAL CORP,40.646974,-74.022703
826,2017-12-05,SUNRUN SOLAR ELECTL CORP,40.6692,-73.893205
827,2022-07-25,SOLAS ELECTRICAL CORP,40.851487,-73.905986
828,2021-04-28,GOTHAM WIRING LICENSED,40.648704,-73.954695
829,2021-04-28,RIVIERA ELECTRIC CORP,40.642465,-74.014986
830,2021-04-29,DUNRITE ELECTRICAL CORP,40.623549,-73.991333
831,2021-04-28,KRISCORP ELECL CONTNG INC,40.684102,-74.002008
832,2022-12-22,D & W ELECTRICAL CONT COR,40.631832,-73.989833
833,2021-04-28,BRIGHT LIGHT ELECTRICAL C,40.636207,-73.972138
834,2018-09-27,J.A. LEE ELEC SVCS LLC,40.72827,-73.986874
835,2019-01-17,SUPER CHARGED ELEC. INC.,40.79986,-73.969859
836,2019-02-05,CITYWIDE ELEC'L WIRING IN,40.739872,-73.985584
837,2017-12-06,CITI-WIDE ELECTRIC INC,40.652374,-73.955009
838,2019-02-20,SIDNEY ELEC'L CONT'G INC.,40.744889,-73.985041
839,2019-04-30,PAUL M. & SON'S ELECL CON,40.733831,-74.005676
840,2019-06-24,P.E. STONE INC,40.764441,-73.97746
841,2021-04-29,HIGH-LIGHT ELEC'L CORP,40.673454,-73.881586
842,2019-06-24,P.E. STONE INC,40.764441,-73.97746
843,2019-08-07,ERRIGAL ELECTRICAL CORP,40.768591,-73.963841
844,2019-08-26,"VALENTIS ELECTRIC, INC.",40.814216,-73.95564
845,2019-12-17,"LUX ELECTRIC, INC",40.729061,-73.990969
846,2020-07-02,WIRETECH ELECTRIC CORP,40.780408,-73.982076
847,2017-12-07,WESTRISE ELECTRIC LLC,40.708704,-73.952118
848,2020-07-04,ALL PURPOSE ELECTRIC CORP,40.775322,-73.960169
849,2020-07-10,PAC ELECTRIC CORP.,40.789383,-73.979022
850,2020-08-10,MNBC ELECTRICAL CORP,40.801856,-73.953532
851,2018-01-03,WESTRISE ELECTRIC LLC,40.708704,-73.952118
852,2020-09-29,VMA ELECTRICAL CORP.,40.758162,-73.960078
853,2022-12-23,J Y ELECTRIC INC,40.680389,-73.977751
854,2021-02-20,"VALENTIS ELECTRIC, INC.",40.814216,-73.95564
855,2021-02-23,PRIME ELECTRICAL CORP,40.868083,-73.922855
856,2021-03-05,"PETER J. CATANZARO, INC.",40.759497,-73.963625
857,2018-01-12,A.C. MORGAN ELECTRIC,40.638824,-74.007484
858,2021-03-05,"PETER J. CATANZARO, INC.",40.764169,-73.990546
859,2017-12-06,"KINGS ELECTRIC CO., INC.",40.59236,-73.950088
860,2021-04-28,RAIKOS ELECTRIC LLC,40.741975,-73.99056
861,2021-03-17,MONTGOMERY ELEC'L CONTR'G,40.765784,-73.966932
862,2023-02-13,"TRINCITY ELECTRIC, INC",40.628573,-73.921492
863,2021-07-07,BLOOMINGDALES,40.761894,-73.966349
864,2022-12-22,CHARAN ELEC'L ENTERP'S IN,40.640545,-74.000731
865,2021-04-21,CROSSWIRE ELECTRICAL INC,40.736437,-73.981427
866,2021-04-21,CROSSWIRE ELECTRICAL INC,40.736437,-73.981427
867,2023-01-12,NATIONAL MAINT. INC,40.71756,-73.963331
868,2021-04-23,ANTHONY G FERRY INC,40.808332,-73.964653
869,2018-03-05,UNITED ELEC'L CONT'G CORP,40.708212,-73.929482
870,2017-12-16,WESTRISE ELECTRIC LLC,40.574969,-73.999852
871,2023-01-08,NEW TECH ELECTRIC INC,40.743478,-73.98607
872,2017-12-16,WESTRISE ELECTRIC LLC,40.60825,-73.964943
873,2019-08-13,HYLAN DATACOM & ELECL LLC,40.654797,-74.015814
874,2021-04-28,RICHARD NEU,40.760696,-73.960661
875,2017-12-14,"KINGS ELECTRIC CO., INC.",40.632875,-73.972129
876,2018-02-26,"KINGS ELECTRIC CO., INC.",40.59287,-73.962024
877,2021-12-19,BERGER QUALITY ELEC'L CON,40.68004,-73.906459
878,2021-04-28,CHARAN ELEC'L ENTERP'S IN,40.79307,-73.942303
879,2018-03-08,SUPER CHARGED ELEC. INC.,40.683389,-73.979831
880,2018-01-25,"TECHNO-VOLT ELEC, INC",40.694991,-73.939376
881,2021-04-28,GLENDALE ELECTL CONTNG IN,40.768868,-73.963328
882,2021-04-28,PATRIOT ELECTRIC CORP,40.741621,-74.008603
883,2021-07-07,GSA ELECTRIC CORP.,40.760698,-73.958759
884,2021-04-28,BOROWIDE ELECT'L CONTR'S,40.748448,-73.978244
885,2021-04-28,TOP SHELF ELECTRIC CORP,40.731704,-73.990276
886,2023-02-14,J Y ELECTRIC INC,40.608858,-73.988461
887,2023-01-09,P&Z ELECTRIC SYSTEMS CORP,40.748183,-73.984517
888,2018-01-25,"TECHNO-VOLT ELEC, INC",40.694991,-73.939376
889,2018-07-24,ACCURATE ELEC'L CONTR'S C,40.69025,-73.99211
890,2018-03-16,ILLUMINATIONS UNLMTD ELEC,40.599564,-73.935913
891,2021-10-28,WMS ELECTRICAL CONTNG LTD,40.806058,-73.941432
892,2021-10-29,APPROVED ELECTRIC CORP.,40.771921,-73.951708
893,2018-06-27,"FOSTER ELEC'L SVC., INC.",40.694843,-73.958078
894,2021-04-28,"AXCEL ELECTRIC CO., INC.",40.715847,-74.011684
895,2018-04-08,"KINGS ELECTRIC CO., INC.",40.580819,-73.939912
896,2018-03-12,ENTERPRISES ELECTR CONTR,40.575574,-73.981296
897,2018-07-24,ACCURATE ELEC'L CONTR'S C,40.69025,-73.99211
898,2021-04-30,P.L. ELEC'L CONTR'G CORP,40.729956,-74.00127
899,2021-10-29,"LINEAR ELECTRIC, INC.",40.75883,-73.993607
900,2021-12-19,BERGER QUALITY ELEC'L CON,40.68763,-73.873311
901,2021-04-29,NEAD ELECTRIC INC.,40.755578,-74.000162
902,2019-08-19,GILSTON ELEC'L CONTR. COR,40.666551,-73.895523
903,2018-04-21,"KINGS ELECTRIC CO., INC.",40.666636,-73.892214
904,2018-03-10,ALL WAYS ELECTRIC CORP.W,40.659805,-73.887788
905,2021-07-07,GLENDALE ELECTL CONTNG IN,40.711717,-74.007045
906,2021-04-28,MODERN TREND ELECL CONTRG,40.733848,-74.006286
907,2019-09-05,MILAD CONTRACTING CORP.,40.619709,-74.000317
908,2021-07-07,BRANDL ELECTRIC INC.,40.773891,-73.956346
909,2018-03-13,JOSEPH WEINSTEIN ELECTRIC,40.696499,-73.926915
910,2018-07-05,"FOSTER ELEC'L SVC., INC.",40.631973,-73.920544
911,2021-04-28,"TEAM ELECTRIC, INC",40.751502,-74.005118
912,2017-12-08,STABILITY ELEC ENTERP INC,40.620125,-73.969713
913,2018-04-23,"KINGS ELECTRIC CO., INC.",40.642067,-73.954429
914,2022-09-02,S&R ELECTRICAL & MECHANIC,40.807469,-73.946874
915,2023-02-13,"ERIC & NG ELEC'L, INC.",40.613629,-73.994785
916,2021-04-28,"ECNY ELEC'L CONTR'S, INC",40.729086,-74.001007
917,2021-04-28,V ELECTRIC NY INC,40.743421,-73.994049
918,2018-04-04,NATIONAL MAINT. INC,40.7071,-73.956419
919,2019-09-12,APPROVED ELEC CONT'G INC,40.715147,-73.927956
920,2021-04-28,"ROBIN ELECTRICAL CO., INC",40.716344,-73.988053
921,2021-04-28,"R. GUNZER, INC.",40.770709,-73.983678
922,2021-04-28,"R. GUNZER, INC.",40.770066,-73.982859
923,2021-09-07,F & L GENERAL ELEC. CORP,40.666208,-73.987121
924,2018-03-16,JOSEPH WEINSTEIN ELECTRIC,40.724935,-73.937765
925,2017-12-12,TMF ELEC'L CONTR. INC.,40.67271,-73.98837
926,2023-02-13,CURRENT MECHS ELEC CONTS,40.660038,-73.994799
927,2019-09-05,HIGH VOLT ELEC CORP. OF,40.677201,-74.010351
928,2021-04-28,JOSEPH WEINSTEIN ELECTRIC,40.767517,-73.955347
929,2021-07-07,"ECNY ELEC'L CONTR'S, INC",40.828535,-73.948903
930,2021-04-28,"R. GUNZER, INC.",40.770066,-73.982859
931,2021-04-29,"SALZMAN ELECTRIC CO., INC",40.746059,-73.988408
932,2017-12-18,LEKTRIC INSTALLATIONS COR,40.63228,-73.973898
933,2021-12-21,DELTA PHASE ELEC'L CORP.,40.624849,-74.03048
934,2021-04-29,TRIZA ELECTRICAL CORP,40.726593,-73.988567
935,2017-12-07,BDS ELECTRIC CORP.,40.69362,-73.931917
936,2021-04-28,PAUL M. & SON'S ELECL CON,40.729231,-73.989129
937,2019-09-05,HIGH VOLT ELEC CORP. OF,40.677201,-74.010351
938,2023-01-10,"GEMINI ELECTRIC CO., INC.",40.867826,-73.917059
939,2018-03-22,SUPER CHARGED ELEC. INC.,40.620701,-74.040478
940,2021-04-30,PATRIOT ELECTRIC CORP,40.741621,-74.008603
941,2021-04-29,"BIGMAN BROS., INC.",40.761894,-73.966349
942,2017-12-07,BDS ELECTRIC CORP.,40.69362,-73.931917
943,2018-07-25,R.M.F. ELECTRIC INC.,40.65843,-73.929076
944,2017-12-07,FRIED ELECTRIC CO.,40.69674,-73.918736
945,2022-12-29,R & T ELECTRICAL CORP,40.619089,-74.025658
946,2021-04-28,MKU ELECTRIC CORP,40.792583,-73.974824
947,2022-11-15,BERGER QUALITY ELEC'L CON,40.820521,-73.861807
948,2020-10-28,Y ELECTRIC INC,40.750858,-73.858256
949,2018-03-21,JOSEPH WEINSTEIN ELECTRIC,40.696791,-73.975528
950,2018-03-22,JOSEPH WEINSTEIN ELECTRIC,40.732187,-73.955976
951,2018-01-02,THREE SON'S ELECTRICAL CO,40.648816,-73.96872
952,2021-04-29,STAR ELEC'L CONTRACTORS C,40.765676,-73.964734
953,2022-12-22,DAVEN ELECTRIC CORP,40.69802,-73.974986
954,2023-02-13,H POWER ELECTRIC INC,40.723614,-73.945711
955,2019-10-29,APPROVED ELEC CONT'G INC,40.664113,-73.947763
956,2018-08-15,"FOSTER ELEC'L SVC., INC.",40.623596,-73.977738
957,2019-10-29,APPROVED ELEC CONT'G INC,40.65815,-74.00044
958,2020-03-18,HIRSCHEL ELECTRICAL INC.,40.701153,-73.940042
959,2018-10-22,RICHARD NEU,40.592649,-73.951031
960,2017-12-11,ACE ELEC'L CONSTRUCTION,40.683814,-73.894414
961,2021-12-28,P.L. ELEC'L CONTR'G CORP,40.636821,-73.93926
962,2018-04-09,NATIONAL MAINT. INC,40.683457,-73.975616
963,2019-09-19,MLS ELECTRIC LLC,40.617369,-73.904713
964,2022-12-22,ZEV ELECTRIC CORP.,40.725904,-73.956341
965,2021-02-25,APPROVED ELEC CONT'G INC,40.576215,-73.976522
966,2018-09-06,"FOSTER ELEC'L SVC., INC.",40.637285,-73.951031
967,2019-09-23,MLS ELECTRIC LLC,40.682031,-73.947821
968,2021-04-21,D. TRAYNOR ELEC'L CORP,40.722421,-73.949994
969,2018-08-08,"KINGS ELECTRIC CO., INC.",40.695525,-73.996924
970,2018-03-29,DOLA ELECTRICAL CO. INC,40.647665,-73.958158
971,2019-06-07,HI-RITE ELECTRIC CORP,40.691996,-73.966601
972,2019-04-22,"POWER SURGE ELECTRIC, INC",40.598103,-73.977797
973,2021-12-21,MAC FHIONNGHAILE & SONS,40.695538,-73.987119
974,2021-04-06,HIRSCHEL ELECTRICAL INC.,40.65959,-73.962656
975,2018-09-10,"FOSTER ELEC'L SVC., INC.",40.703042,-73.947181
976,2017-12-08,KWONG MING ELECTRIC INC,40.626587,-74.005634
977,2019-10-11,LEONE ELECTRIC CO. INC,40.64551,-73.976296
978,2018-04-10,NATIONAL MAINT. INC,40.692632,-73.985269
979,2021-07-09,MATROS AUTOMATED ELEC'L C,40.757637,-73.965337
980,2021-10-29,OCNYC ELECL CONTNG INC,40.728934,-73.988436
981,2021-12-20,V. VASS ELECTRIC CORP,40.62329,-73.970317
982,2019-11-18,V & V ELEC'L CONTR'G INC.,40.669046,-73.955647
983,2021-11-03,EIS ELECTRIC CORP DBA,40.787261,-73.978066
984,2020-02-06,"RAINBOW ELECTRIC CO., INC",40.679818,-73.90104
985,2020-02-06,"RAINBOW ELECTRIC CO., INC",40.679818,-73.90104
986,2020-01-09,HIVOLTS ELECTRICAL INC,40.656225,-73.896029
987,2019-11-15,"POWER SURGE ELECTRIC, INC",40.689773,-73.952319
988,2017-12-07,RIVIERA ELECTRIC CORP,40.713374,-73.947566
989,2023-02-13,"KINGS ELECTRIC CO., INC.",40.587902,-73.955888
990,2018-03-28,BERGER QUALITY ELEC'L CON,40.657434,-73.929027
991,2021-09-07,STRONG ISLAND ELECTRIC LL,40.692272,-73.954705
992,2022-12-22,"KINGS ELECTRIC CO., INC.",40.625058,-73.989218
993,2022-12-22,WATTS ELECTRICAL CORP,40.658501,-73.991692
994,2017-12-08,SPIRELLI ELECTRIC INC,40.590137,-73.939915
995,2021-09-07,STRONG ISLAND ELECTRIC LL,40.645199,-73.889546
996,2021-10-29,SOPOT ELECTRIC CORP,40.695514,-73.995734
997,2020-03-13,ANCO ELECTL CONTCTNG INC,40.591109,-73.9391
998,2020-03-13,ANCO ELECTL CONTCTNG INC,40.589317,-73.98131
999,2021-12-20,V. VASS ELECTRIC CORP,40.635471,-73.978905
