,issued_date,contractor_name,latitude,longitude
0,2016-09-12,CENTURION FIRE PROTECTION,33.379469,-111.600931
1,2016-03-16,SHEA HOMES,33.330725,-111.616354
2,2016-03-28,MERITAGE HOMES CONSTRUCTION INC,33.319315,-111.621314
3,2016-03-16,KB HOME PHOENIX INC,33.440452,-111.721676
4,2016-03-10,"PRESIDENTIAL POOLS & SPAS, LLC",33.361187,-111.6731
5,2016-03-24,"MATTAMY ARIZONA CONSTRUCTION, LLC",33.334898,-111.60474
6,2016-03-24,"MATTAMY ARIZONA CONSTRUCTION, LLC",33.32281,-111.604803
7,2016-03-31,"MATTAMY ARIZONA CONSTRUCTION, LLC",33.32277,-111.604991
8,2016-03-24,CALIFORNIA POOLS & SPAS,33.454388,-111.643398
10,2016-03-24,PEGASUS POOLS,33.321801,-111.608182
11,2016-03-24,CARIBBEAN POOLS,33.348385,-111.594884
12,2016-03-24,K KITTLE LLC,33.364831,-111.871929
13,2016-03-24,K KITTLE LLC,33.370724,-111.679908
14,2016-04-06,K KITTLE LLC,33.441426,-111.810195
15,2016-03-09,FLATIRON ELECTRIC LLC,33.422473,-111.74435
16,2016-03-28,MERITAGE HOMES CONSTRUCTION INC,33.327583,-111.606577
17,2016-03-24,BLUE WAVE POOLS,33.322146,-111.586699
19,2016-03-09,"BREINHOLT CONTRACTING CO, INC",33.380736,-111.788696
20,2016-03-24,JCH CONSTRUCTION,33.315663,-111.61462
21,2016-03-17,BRIGHTON COMPANIES LLC,33.372234,-111.648296
22,2016-04-07,AMERIGAS PROPANE LP,33.431502,-111.873378
24,2016-04-26,BIG DADDY CONSTRUCTION,33.488269,-111.69922
25,2016-06-07,ASSOCIATED SIGN COMPANY,33.380736,-111.788696
26,2016-03-29,"PRESIDENTIAL POOLS & SPAS, LLC",33.320339,-111.598987
27,2016-03-22,WILLIAM LYON HOMES INC,33.474709,-111.767336
28,2016-03-22,WILLIAM LYON HOMES INC,33.476834,-111.765792
29,2016-03-22,WILLIAM LYON HOMES INC,33.47789,-111.760946
30,2016-03-22,WILLIAM LYON HOMES INC,33.478166,-111.758852
31,2004-02-25,ISLAND POOLS,33.392526,-111.707549
32,2016-03-22,WILLIAM LYON HOMES INC,33.478166,-111.759017
33,2016-03-29,PREMIER PARADISE,33.493833,-111.671609
34,2016-03-18,FARNSWORTH CONSTRUCTION CO,33.36332,-111.600645
35,2017-07-06,OTAGO DEVELOPMENT,,
36,2016-01-05,"KKITTLE, LLC",33.339493,-111.586948
37,2016-03-22,WILLIAM LYON HOMES INC,33.477889,-111.760779
41,2016-03-21,BLOOMING DESERT,33.470741,-111.769108
42,2016-03-10,W5 CONSTRUCTION,33.408993,-111.673591
43,2016-03-14,WESTERN SKIES RESTORATION INC,33.418233,-111.843916
44,2016-03-21,GLEESON MOBILE HOME SERVICE,33.371362,-111.641909
45,2016-03-28,TYCO INTEGRATED SECURITY,33.281202,-111.586479
46,2016-04-06,FREEDOM POOLS,33.407227,-111.714382
47,2016-03-11,CHEUVRONT CONSTRUCTION,33.411701,-111.803038
48,2016-03-11,TACTICAL RESTORATION,33.42269,-111.823239
49,2016-03-28,METRO FIRE EQUIPMENT INC,33.383908,-111.80294
50,2016-03-14,ARIZONA ENERGY SERVICES,33.432567,-111.823569
51,2016-03-17,MBI BUILDERS LLC,,
52,2016-03-24,CIRTCELE ELECTRIC,33.465034,-111.734569
53,2016-03-14,SUN VALLEY SOLAR SOLUTIONS,33.400357,-111.595251
54,2016-03-30,BLUE WAVE POOLS,33.324661,-111.61063
55,2016-04-14,HIGH DESERT COMMUNICATIONS,33.393656,-111.796698
56,2016-03-22,CALIFORNIA POOLS & SPAS,,
58,2022-11-16,Christine  Harrell,33.30838,-111.603816
59,2016-03-17,BELFOR PROPERTY RESTORATION,33.425391,-111.831653
60,2016-03-24,"MATTAMY ARIZONA CONSTRUCTION, LLC",33.322849,-111.604603
62,2016-04-05,ARIZONA BEEMAN DRILLING,33.426301,-111.827821
63,2016-03-25,PULTE HOMES CORPORATION,33.361734,-111.678932
64,2016-03-25,PULTE HOMES CORPORATION,33.36092,-111.678743
65,2016-06-27,"JOKAKE CONSTRUCTION SERVICES, INC",33.390971,-111.671773
66,2004-04-28,SUPERSTITION MASONRY INC,33.477238,-111.728821
67,2016-03-17,MBI BUILDERS LLC,33.370438,-111.605147
68,2016-03-22,CALIFORNIA POOLS & SPAS,,
69,2016-03-14,J THOMAS BUILDERS INC,33.412124,-111.802223
70,2016-03-14,HEATWAVE GENERAL CONTRACTING,33.369588,-111.843639
71,2016-03-16,TAYLOR MORRISON/ARIZONA INC,33.330068,-111.603726
76,2016-03-28,STARRICK PLUMBING,33.439468,-111.739515
77,2016-04-14,CLEAR BLUE SERVICES LLC,33.451291,-111.764806
78,2016-04-04,"ASHTON WOODS CONSTRUCTION, LLC",33.360379,-111.677748
79,2016-03-25,PULTE HOMES CORPORATION,33.31597,-111.596382
81,2016-03-23,THE RYLAND GROUP INC,33.331989,-111.612975
82,2004-02-26,"SIGN-A-RAMA, MESA",33.422525,-111.842282
83,2016-03-30,BLUE WAVE POOLS,33.362007,-111.673977
84,2016-04-04,"ASHTON WOODS CONSTRUCTION, LLC",33.359167,-111.672815
85,2016-03-30,PLATINUM POOLS,33.329429,-111.607882
86,2016-03-30,MILLENNIUM GAS SERVICES LLC,33.320586,-111.600088
87,2016-04-04,"ASHTON WOODS CONSTRUCTION, LLC",33.359519,-111.6789
88,2016-03-31,"MATTAMY ARIZONA CONSTRUCTION, LLC",33.334633,-111.604772
89,2016-03-22,MBI BUILDERS LLC,33.452457,-111.645298
90,2004-01-06,K-GROUP SW CONTRACTING LLC,33.478276,-111.684408
94,2016-03-24,JCH CONSTRUCTION,33.316355,-111.612116
96,2016-02-01,MR. ELECTRIC,33.404859,-111.662115
97,2016-03-30,"PRESIDENTIAL POOLS & SPAS, LLC",33.34043,-111.59409
98,2016-03-30,DOLPHIN POOLS,33.331316,-111.614775
99,2016-03-24,JCH CONSTRUCTION,33.314648,-111.614315
100,2004-01-07,BELMONT HOMES INC,33.492851,-111.678338
101,2016-03-24,JCH CONSTRUCTION,33.315315,-111.611186
102,2016-03-24,KB HOME PHOENIX INC,33.443531,-111.721492
103,2016-03-22,MBI BUILDERS LLC,33.453847,-111.641264
104,2016-04-07,"MATTAMY ARIZONA CONSTRUCTION, LLC",33.322922,-111.604184
105,2016-07-19,NEW RIVER CONSTRUCTION LLC,33.430318,-111.839197
107,2016-03-21,SIMPLEX GRINNELL,33.411381,-111.6865
109,2016-03-24,JCH CONSTRUCTION,33.315296,-111.612327
110,2017-04-10,BUNGER STEEL,33.357469,-111.669534
111,2016-05-26,WALT WOOD,33.416352,-111.82598
113,2016-03-15,CIRTCELE ELECTRIC,33.453979,-111.724112
114,2016-03-31,"BLOOMING DESERT POOLS, LLC",33.472777,-111.766873
115,2016-04-05,DRH CONSTRUCTION,33.389783,-111.83563
116,2016-03-15,THUNDER MOUNTAIN CONTRACTING,33.380114,-111.735198
117,2016-04-07,TRIBAL WATERS,33.326704,-111.598652
118,2016-04-05,DRH CONSTRUCTION,33.389783,-111.83563
119,2016-04-05,DRH CONSTRUCTION,33.389783,-111.83563
120,2016-04-06,K KITTLE LLC,33.41415,-111.733211
121,2016-04-06,K KITTLE LLC,33.448561,-111.798264
122,2016-03-16,TAYLOR MADE POOLS AND SPAS,33.445495,-111.638945
123,2016-04-05,DRH CONSTRUCTION,33.389783,-111.83563
124,2004-03-23,CHRISTY SIGNS,,
125,2016-04-14,ROYCE MASONRY,33.435538,-111.753281
127,2016-06-06,1ST PRIORITY BUILDERS,33.432947,-111.657863
128,2016-04-05,DRH CONSTRUCTION,33.389783,-111.83563
129,2016-04-05,DRH CONSTRUCTION,33.389783,-111.83563
130,2016-03-31,DOLPHIN POOLS,33.320247,-111.598222
131,2016-10-20,DCS CONTRACTING INC,33.324634,-111.601098
132,2016-10-20,DCS CONTRACTING INC,33.324634,-111.601098
133,2016-09-01,DCS CONTRACTING INC,33.324634,-111.601098
134,2016-09-01,DCS CONTRACTING INC,33.324634,-111.601098
135,2016-03-31,DESERT SOUL LANDESIGN LLC,33.442903,-111.728614
136,2004-01-02,FOUR SEASONS SUNROOMS OF PHOENIX,33.366069,-111.654874
137,2016-10-27,S AND S BUILDERS,33.407662,-111.834431
138,2016-03-16,BLOOMING VISTA  POOLS & SPAS INC,33.433298,-111.746744
139,2016-04-05,DRH CONSTRUCTION,33.389783,-111.83563
140,2016-04-05,DRH CONSTRUCTION,33.389783,-111.83563
141,2016-03-28,MERITAGE HOMES CONSTRUCTION INC,33.32852,-111.604956
142,2016-03-16,ALLIANCE PLUMBING AZ INC,33.422572,-111.882077
143,2016-04-12,"FRONTERA BUILDING COMPANY, LLC",33.392544,-111.804143
144,2016-03-16,ALLIANCE PLUMBING AZ INC,33.422572,-111.882077
145,2016-04-04,"SHASTA INDUSTRIES, INC.",33.433103,-111.735901
146,2016-03-30,LENNAR ARIZONA CONSTRUCTION ,33.364438,-111.682223
147,2004-01-06,JACKSON PROPERTIES,33.438486,-111.618778
148,2016-03-28,MERITAGE HOMES CONSTRUCTION INC,33.327451,-111.605386
149,2016-03-28,MERITAGE HOMES CONSTRUCTION INC,33.327871,-111.60409
150,2016-03-30,LENNAR ARIZONA CONSTRUCTION ,33.36443,-111.681073
151,2016-03-30,LENNAR ARIZONA CONSTRUCTION ,33.363642,-111.680922
152,2016-03-16,CIRTCELE ELECTRIC,33.414375,-111.724678
153,2016-03-16,CIRTCELE ELECTRIC,33.414375,-111.724678
154,2016-04-15,VINCO INC,33.40857,-111.822748
155,2016-03-16,CIRTCELE ELECTRIC,33.414375,-111.724678
156,2016-03-30,LENNAR ARIZONA CONSTRUCTION ,33.364125,-111.681577
157,2016-03-30,LENNAR ARIZONA CONSTRUCTION ,33.364433,-111.681572
158,2016-03-16,CIRTCELE ELECTRIC,33.414375,-111.724678
159,2016-03-16,CIRTCELE ELECTRIC,33.414375,-111.724678
160,2016-03-16,CIRTCELE ELECTRIC,33.414375,-111.724678
161,2016-03-16,CIRTCELE ELECTRIC,33.414375,-111.724678
162,2016-03-16,CIRTCELE ELECTRIC,33.414375,-111.724678
163,2016-03-30,LENNAR ARIZONA CONSTRUCTION ,33.364431,-111.681244
164,2016-03-16,CIRTCELE ELECTRIC,33.414375,-111.724678
165,2016-03-23,MBI BUILDERS LLC,33.367448,-111.604464
166,2016-03-28,SLETTEN CONSTRUCTION COMPANY,33.392165,-111.699054
167,2016-01-28,TROJAN FIRE PROTECTION,33.379696,-111.754593
168,2016-03-30,LENNAR ARIZONA CONSTRUCTION ,33.364427,-111.68075
169,2016-03-23,MBI BUILDERS LLC,33.366508,-111.605106
170,2016-03-23,MORTENSON CONSTRUCTION,33.347338,-111.601334
171,2016-03-24,MORTENSON CONSTRUCTION,33.347338,-111.601334
172,2016-03-30,LENNAR ARIZONA CONSTRUCTION ,33.364121,-111.680921
173,2016-03-24,MORTENSON CONSTRUCTION,33.347338,-111.601334
174,2016-03-16,COMPLETE HOME CONTROL,33.396939,-111.879478
175,2016-04-04,CARIBBEAN POOLS,33.36199,-111.671718
176,2016-04-26,JACOBS PROJECT MANAGEMENT,33.441654,-111.70677
177,2016-01-13,PULTE HOMES CORPORATION,33.432517,-111.601897
178,2016-05-03,CINTAS FIRE PROTECTION,33.340548,-111.684847
179,2016-04-05,BLUE WAVE POOLS,33.359489,-111.674703
181,2016-04-05,BLUE WAVE POOLS,33.361687,-111.672316
182,2016-05-17,"PRESIDENTIAL POOLS & SPAS, LLC",33.456457,-111.653598
183,2016-03-23,CALIFORNIA POOLS & SPAS,33.458166,-111.637328
185,2016-01-13,PULTE HOMES CORPORATION,33.317134,-111.595196
186,2016-03-28,REI CONSTRUCTION,33.403501,-111.85661
187,2016-03-28,REI CONSTRUCTION,33.403501,-111.85661
188,2016-03-24,MBI BUILDERS LLC,33.366507,-111.604959
189,2016-03-28,REI CONSTRUCTION,33.403501,-111.85661
190,2016-04-04,WILLIAM LYON HOMES INC,33.474857,-111.763278
191,2016-04-04,WILLIAM LYON HOMES INC,33.474857,-111.763457
192,2016-03-24,AGAVE ENVIRONMENTAL CONTRACTING INC,33.449669,-111.61601
193,2016-04-04,WILLIAM LYON HOMES INC,33.474861,-111.763636
194,2016-04-04,WILLIAM LYON HOMES INC,33.474864,-111.763826
195,2016-04-04,WILLIAM LYON HOMES INC,33.477872,-111.759218
196,2016-02-18,OPTIMUM FIRE PROTECTION LLC,33.382596,-111.805381
198,2016-04-04,WILLIAM LYON HOMES INC,33.477877,-111.759562
199,2016-03-24,CIRTCELE ELECTRIC,33.465034,-111.734569
200,2016-04-04,WILLIAM LYON HOMES INC,33.478007,-111.759718
201,2016-05-10,CAL-AM CONSTRUCTION SERVICES,33.412244,-111.760255
202,2016-04-04,WILLIAM LYON HOMES INC,33.477872,-111.759381
205,2016-04-04,WILLIAM LYON HOMES INC,33.478153,-111.759718
206,2016-04-04,WILLIAM LYON HOMES INC,33.478291,-111.759723
208,2016-01-11,CD6 LLC,33.406699,-111.773864
209,2016-03-17,T & J FUEL CONSTRUCTION LLC,33.407278,-111.881653
210,2016-03-17,VAN HAULING,33.36724,-111.852167
211,2016-04-04,WILLIAM LYON HOMES INC,33.479025,-111.760412
212,2016-04-13,A/C DOCTORS LLC,33.408566,-111.877996
215,2016-03-24,MBI BUILDERS LLC,33.367325,-111.604465
217,2016-04-07,TUFF SHED INC,33.39956,-111.821538
218,2016-09-22,DCS CONTRACTING INC,33.324634,-111.601098
219,2016-03-24,MBI BUILDERS LLC,33.366957,-111.605398
220,2016-03-24,"PROVIDENCE DEVELOPMENT,INC.",33.324116,-111.584516
222,2016-03-18,SUNMASTER INC,33.393801,-111.819537
224,2016-04-25,NORTH STAR POOLS LLC,33.340379,-111.599311
225,2016-05-02,APTUS INNOVATIONS LLC,33.427527,-111.825396
228,2016-03-24,MBI BUILDERS LLC,33.367826,-111.604461
229,2016-04-25,DESERT VISTA MOBILE HOME SERVICE,33.42656,-111.64421
230,2016-04-25,DESERT VISTA MOBILE HOME SERVICE,33.42656,-111.64421
233,2016-04-25,COPPER ST CONSTRUCTION,33.408545,-111.884892
234,2016-02-03,VALLEY DESGIN GROUP LLC,33.414534,-111.877187
235,2016-05-16,AUTOMATED EQUIPMENT ERECTORS SW,33.29542,-111.592871
236,2016-04-07,"PRESIDENTIAL POOLS & SPAS, LLC",33.429162,-111.77618
237,2016-04-05,DRH CONSTRUCTION,33.389783,-111.83563
238,2016-04-11,FERRELLGAS,33.422091,-111.80507
239,2016-04-05,DRH CONSTRUCTION,33.389783,-111.83563
240,2016-04-05,DRH CONSTRUCTION,33.389783,-111.83563
241,2016-04-05,DRH CONSTRUCTION,33.389783,-111.83563
242,2016-04-05,DRH CONSTRUCTION,33.389783,-111.83563
243,2016-03-22,SAK ELECTRIC,33.424571,-111.857541
244,2016-04-05,DRH CONSTRUCTION,33.389783,-111.83563
245,2016-04-05,DRH CONSTRUCTION,33.389783,-111.83563
246,2016-03-22,TAP AND SONS ELECTRIC,33.442716,-111.853199
247,2016-02-04,AMERICAN FIRE EQUIPMENT,33.393458,-111.858355
248,2016-02-08,RIO SALADO ELECTRIC,33.407587,-111.811674
249,2016-04-25,DESERT VISTA MOBILE HOME SERVICE,33.42656,-111.64421
250,2016-04-25,DESERT VISTA MOBILE HOME SERVICE,33.42656,-111.64421
251,2016-04-19,MERITAGE HOMES CONSTRUCTION INC,33.320846,-111.621897
252,2016-03-28,MBI BUILDERS LLC,33.371268,-111.606123
253,2016-04-25,DESERT VISTA MOBILE HOME SERVICE,33.42656,-111.64421
254,2016-04-25,DESERT VISTA MOBILE HOME SERVICE,33.42656,-111.64421
256,2016-09-14,AW CONTRACTING CORP,33.383442,-111.812199
258,2016-03-23,NFT BUILDING AND DESIGN,33.452175,-111.773047
259,2016-04-25,WESTERN STATES FIRE PROTECTION CO,33.452126,-111.795616
260,2016-04-07,"PRESIDENTIAL POOLS & SPAS, LLC",33.360918,-111.678549
262,2016-03-30,KB HOME PHOENIX INC,33.443254,-111.722123
263,2016-03-30,KB HOME PHOENIX INC,33.443986,-111.721193
264,2016-05-05,LECHNER CONSTRUCTION INC,33.450113,-111.771283
265,2004-01-30,JWJ DESIGN / BUILD,33.451299,-111.789584
266,2016-03-24,MBI BUILDERS LLC,33.370122,-111.606559
267,2017-08-23,BLUE SKY COMMUNICATIONS,33.436581,-111.789257
268,2016-07-20,COMMERCIAL BUILDERS ASSOCIATES LLC,33.414428,-111.876169
269,2016-03-30,MBI BUILDERS LLC,33.370113,-111.604971
270,2016-07-12,MBI BUILDERS LLC,33.452277,-111.636835
271,2016-03-22,CITY OF MESA TRANSPORTATION,33.407365,-111.857126
272,2016-03-30,KB HOME PHOENIX INC,33.406331,-111.597356
273,2004-01-22,ISONG DESIGNS,,
275,2016-04-27,INTERNATIONAL TOWERS INC,33.407259,-111.683064
276,2016-04-06,TAYLOR MORRISON,33.470995,-111.768431
277,2016-04-27,MASTEC,33.400272,-111.850254
278,2016-03-30,KB HOME PHOENIX INC,33.406227,-111.597069
279,2016-04-06,TAYLOR MORRISON,33.472522,-111.765975
280,2016-04-01,PULTE HOMES CORPORATION,33.362028,-111.676954
281,2016-04-01,PULTE HOMES CORPORATION,33.361736,-111.679127
282,2016-03-30,MBI BUILDERS LLC,33.454844,-111.64303
283,2017-05-09,FELIX CONSTRUCTION COMPANY,33.42611,-111.826556
284,2016-04-18,"BLOOMING DESERT POOLS, LLC",33.333032,-111.593374
285,2016-04-21,ALEXON DESIGN AND LANDSCAPING,33.456032,-111.65231
286,2016-07-14,"ZONA RESTORATION, LLC",33.420056,-111.794002
287,2016-04-01,PULTE HOMES CORPORATION,33.362041,-111.678728
288,2016-03-31,MERITAGE HOMES CONSTRUCTION INC,33.318915,-111.623058
289,2004-04-05,"WM GRACE CONTRACTORS, INC.",33.377261,-111.620066
290,2016-04-05,RICHMOND AMERICAN HOMES,33.421705,-111.66106
291,2016-03-23,BONDS ALARM COMPANY ,33.450786,-111.701191
292,2016-03-23,BONDS ALARM COMPANY ,33.380797,-111.735701
293,2016-04-04,WILLIAM LYON HOMES INC,33.47506,-111.762462
294,2016-04-04,WILLIAM LYON HOMES INC,33.475213,-111.76247
295,2016-04-04,WILLIAM LYON HOMES INC,33.477891,-111.761436
296,2016-08-04,HALO FIRE PROTECTION,33.408462,-111.837528
298,2016-04-07,DOLPHIN POOLS,33.361188,-111.673308
299,2016-03-31,MERITAGE HOMES CONSTRUCTION INC,33.318609,-111.620363
300,2004-04-14,ANASAZI DEVELOPMENT,33.485949,-111.671241
301,2016-04-11,DESIGN TOUCH BUILDERS,33.37088,-111.656425
302,2016-04-11,DESIGN TOUCH BUILDERS,33.368149,-111.590101
304,2016-04-04,WILLIAM LYON HOMES INC,33.477891,-111.761276
305,2016-04-04,WILLIAM LYON HOMES INC,33.47789,-111.761109
306,2016-04-04,WILLIAM LYON HOMES INC,33.477889,-111.760617
307,2016-04-04,WILLIAM LYON HOMES INC,33.477884,-111.760449
308,2016-06-01,BRIGHTON COMPANIES LLC,33.37246,-111.648468
309,2016-04-26,HOME LIFT NOW,33.45892,-111.771593
310,2016-04-19,RICHMOND AMERICAN HOMES,33.42078,-111.661259
311,2016-01-05,DESERT VISTA MOBILE HOME SERVICE,33.42656,-111.64421
312,2016-08-16,CORAL POOLS,33.395676,-111.860238
313,2016-03-31,SU CASA MHS,33.409742,-111.765634
314,2016-04-05,DRH CONSTRUCTION INC,33.389783,-111.83563
315,2016-04-07,SHASTA INDUSTRIES,33.363772,-111.621553
316,2016-03-23,WESPAC CONSTRUCTION INC,33.433931,-111.859866
317,2016-04-05,DRH CONSTRUCTION,33.389783,-111.83563
322,2016-05-04,"PAYNE CUSTOM CONCRETE, LLC",33.396363,-111.817351
323,2016-03-30,LENNAR ARIZONA CONSTRUCTION ,33.412648,-111.750684
326,2016-04-12,ARIZONA PROPANE,33.280492,-111.645365
328,2016-04-07,SHASTA INDUSTRIES,33.357697,-111.879615
329,2016-04-14,RP GAS PIPING,33.452529,-111.646276
330,2016-03-24,CIRTCELE ELECTRIC,33.414375,-111.724678
331,2016-03-24,CIRTCELE ELECTRIC,33.414375,-111.724678
332,2016-04-26,"CR COMMERCIAL CONTRACTORS, INC",33.340548,-111.684847
333,2016-03-24,CIRTCELE ELECTRIC,33.414375,-111.724678
334,2004-01-07,ENGLE HOMES,33.378426,-111.609674
336,2016-04-20,MONTEZ MHS LLC,33.38473,-111.661468
337,2016-06-13,VINCO INC,33.42375,-111.858743
338,2016-05-10,MOTIVE ENERGY TELECOMMUNICATION GRO,33.395089,-111.751731
339,2016-05-12,MACH 1 ENTERPRISES INC,33.454777,-111.747489
341,2016-03-31,TEL TECH NETWORKS INC.,33.410951,-111.815518
342,2016-05-02,J HARRIS CONSTRUCTION LLC,33.377261,-111.620066
343,2016-03-31,MBI BUILDERS LLC,33.367431,-111.604812
344,2016-06-06,VUVIEW CONSTRUCTION,33.364927,-111.603704
345,2016-01-28,CARIBBEAN POOLS,33.448085,-111.617549
346,2016-06-07,FLEMING COMPLETE,33.391303,-111.677377
347,2016-03-31,MARACAY HOMES,33.326814,-111.613473
348,2016-04-06,THE RYLAND GROUP INC,33.331123,-111.613079
349,2016-04-14,"ASHTON WOODS CONSTRUCTION, LLC",33.360374,-111.67706
350,2016-04-14,"ASHTON WOODS CONSTRUCTION, LLC",33.359507,-111.677283
351,2016-04-14,"ASHTON WOODS CONSTRUCTION, LLC",33.360068,-111.677285
352,2016-03-30,"PRESIDENTIAL POOLS & SPAS, LLC",33.324585,-111.603169
353,2016-03-25,SPECTRA ELECTRICAL,33.477558,-111.731742
354,2016-06-13,CLEAR BLUE SERVICES LLC,33.452966,-111.731378
355,2016-04-05,CALIFORNIA POOLS & SPAS,33.479692,-111.764498
356,2016-04-14,CALIFORNIA POOLS & SPAS,33.455913,-111.65795
358,2016-04-14,CALIFORNIA POOLS & SPAS,33.371267,-111.605926
359,2016-08-15,MITCHELL CONTRACTORS LLC,33.434563,-111.869225
360,2016-04-25,BECHTEL COMMUNICATIONS,33.450388,-111.803511
361,2016-04-28,FIRE SECURITY ELECTRONICS,33.384154,-111.802431
363,2016-03-28,FERRIN ELECTRIC CO INC,33.408502,-111.663566
366,2016-04-07,SIERRA FIRE & COMMUNICATIONS,33.392662,-111.856373
368,2016-04-04,AW CONTRACTING CORP,33.40894,-111.828602
369,2016-03-31,"STRONG TOWER CONSTRUCTION, LLC",33.375539,-111.884615
370,2016-04-05,CALIFORNIA POOLS & SPAS,33.444708,-111.636915
373,2016-04-14,PLATINUM POOL & SPAS,33.318655,-111.622052
374,2016-04-14,PLATINUM POOL & SPAS,33.325621,-111.604881
375,2004-02-02,RONDO POOLS,33.363274,-111.641643
376,2016-05-31,DON BREWER'S MOBILE HOME SERVICE,33.411292,-111.779153
377,2016-04-14,CALIFORNIA POOLS & SPAS,33.330548,-111.598678
379,2016-04-13,AMERICAN BACKYARDS INC,33.403311,-111.60161
381,2016-03-29,SHER-GOOD CONCRETE INC,33.46297,-111.769105
382,2016-04-11,ACCENT CONSTRUCTION LLC,33.43665,-111.656549
383,2016-04-11,ACCENT CONSTRUCTION LLC,33.43665,-111.656549
384,2016-06-30,SIMPLEX GRINNELL,33.382628,-111.844515
385,2016-05-16,EMERALD INC,33.45216,-111.789551
386,2016-03-31,MARACAY CONSTRUCTION,33.327568,-111.613709
389,2016-05-16,"SDB, INC",33.421231,-111.831134
390,2016-04-05,"FARNSWORTH HOMES, INC",33.369116,-111.596977
391,2016-01-05,DESERT VISTA MOBILE HOME SERVICE,33.42656,-111.64421
392,2016-04-05,FARNSWORTH HOMES INC (CURRENT),33.369116,-111.596977
393,2016-04-05,FARNSWORTH HOMES INC (CURRENT),33.369116,-111.596977
394,2016-04-05,"FARNSWORTH HOMES, INC",33.369116,-111.596977
395,2016-05-12,A.R. MAYS CONSTRUCTION,33.380636,-111.787025
396,2016-04-12,PULTE HOMES CORPORATION,33.362044,-111.67912
397,2016-01-12,MARACAY HOMES,33.327277,-111.613715
398,2016-04-12,PULTE HOMES CORPORATION,33.362039,-111.678531
399,2016-03-31,MBI BUILDERS LLC,33.366189,-111.606512
400,2016-04-13,THE RYLAND GROUP INC,33.331863,-111.612085
401,2004-01-06,PADDOCK POOLS,33.37724,-111.607945
402,2016-04-07,KB HOME PHOENIX INC,33.359776,-111.686631
403,2016-05-05,PHOENIX  HOMEBUILDER,33.416365,-111.815642
404,2016-04-06,KB HOME PHOENIX INC,33.359621,-111.686553
406,2016-04-06,KB HOME PHOENIX INC,33.440871,-111.721147
407,2016-04-14,SHASTA INDUSTRIES,33.332893,-111.595309
408,2004-01-06,PADDOCK POOLS,33.341029,-111.591476
409,2016-04-07,KB HOME PHOENIX INC,33.40669,-111.597381
410,2016-04-12,CAL-AM CONSTRUCTION SERVICES,33.417655,-111.728085
411,2016-04-07,KB HOME PHOENIX INC,33.406441,-111.597399
412,2016-05-23,SUMMIT RESTORATION,33.430158,-111.856618
414,2016-04-20,LYON & SON MOBILE HOME SERVICE,33.404732,-111.639001
415,2016-04-14,"PRESIDENTIAL POOLS & SPAS, LLC",33.343074,-111.587786
416,2016-04-05,MBI BUILDERS LLC,33.453852,-111.639568
418,2016-03-09,K KITTLE LLC,33.396717,-111.722363
420,2016-04-14,DOLPHIN POOLS,33.323623,-111.59166
421,2016-03-30,SUNCO ELECTRIC CO LLC,33.418198,-111.861606
422,2016-04-26,SRT ELECTRIC LLC,33.44526,-111.62212
423,2016-04-26,VINCO INC,33.429784,-111.613058
424,2016-04-26,"NORTHSTAR COMMUNICATIONS, INC",33.42308,-111.75155
426,2004-01-05,DELTA MECHANICAL,33.442204,-111.717051
427,2016-04-19,MERITAGE HOMES CONSTRUCTION INC,33.319518,-111.621916
428,2016-04-19,MERITAGE HOMES CONSTRUCTION INC,33.318655,-111.622452
429,2016-01-05,DESERT VISTA MOBILE HOME SERVICE,33.42656,-111.64421
430,2016-02-10,K KITTLE LLC,33.435463,-111.729393
431,2016-04-14,"MATTAMY ARIZONA CONSTRUCTION, LLC",33.334827,-111.605182
432,2016-04-05,REI CONSTRUCTION,33.403501,-111.85661
434,2016-04-05,REI CONSTRUCTION,33.403501,-111.85661
435,2016-03-30,GEORGE BRAZIL SERVICES,33.442381,-111.698212
436,2016-04-19,MERITAGE HOMES CONSTRUCTION INC,33.318662,-111.623247
438,2016-06-09,FREEDOM FIRE PROTECTION COMPANY LLC,33.365491,-111.859852
439,2016-03-30,ENVY RESTORATION & CONSTRUCTION,33.410951,-111.815518
440,2016-02-10,K KITTLE LLC,33.448701,-111.825968
441,2016-06-22,BONDS ALARM COMPANY ,33.423458,-111.773115
442,2016-04-15,WILSON ELECTRIC SERVICES CORP,33.350448,-111.637183
443,2016-03-30,TAP AND SONS ELECTRIC,33.411813,-111.664506
444,2016-03-30,TAP AND SONS ELECTRIC,33.411813,-111.664506
445,2016-03-30,TAP AND SONS ELECTRIC,33.411813,-111.664506
446,2016-04-14,CARIBBEAN POOLS INC,33.450641,-111.616764
447,2016-03-30,TAP AND SONS ELECTRIC,33.411813,-111.664506
448,2016-03-30,TAP AND SONS ELECTRIC,33.411813,-111.664506
449,2016-03-30,TAP AND SONS ELECTRIC,33.411813,-111.664506
450,2016-04-05,REI CONSTRUCTION,33.403501,-111.85661
451,2016-04-14,CARIBBEAN POOLS INC,33.322818,-111.606743
453,2016-04-11,MARACAY CONSTRUCTION,33.326568,-111.614121
454,2016-02-11,LION CONTRACTING,33.371884,-111.66601
455,2016-08-30,DESERT SERVICES INTERNATIONAL INC,33.425839,-111.684745
456,2016-03-31,EAGLE PLUMBING SERVICE,33.378844,-111.87713
459,2016-06-16,SCOTT ZIMMERMAN,33.364927,-111.603704
460,2016-04-13,THE RYLAND GROUP INC,33.469472,-111.676513
461,2016-04-15,TAYLOR MORRISON HOMES,33.472231,-111.766338
462,2016-03-31,SOUTHWEST SCAPES INC,33.366623,-111.890534
463,2016-04-14,JCH CONSTRUCTION,33.316045,-111.612003
464,2016-04-28,NOLIN FIRE SPRINKLERS INC ,33.384821,-111.810583
465,2016-04-14,MILLENNIUM GAS SERVICES LLC,33.360093,-111.604896
467,2016-01-20,COMPLETE HOME CONTROL,33.435663,-111.850568
468,2016-03-10,SHASTA INDUSTRIES,33.493976,-111.672546
470,2016-04-14,UNIQUE LANDSCAPING BY GRIFFIN,33.433071,-111.746011
472,2016-04-14,JCH CONSTRUCTION,33.316079,-111.612342
473,2016-04-14,JCH CONSTRUCTION,33.318674,-111.615471
474,2016-04-14,JCH CONSTRUCTION,33.315719,-111.610603
475,2004-01-21,C W MANUFACTURING,33.415653,-111.670737
476,2016-04-14,JCH CONSTRUCTION,33.315678,-111.612477
477,2016-04-14,JCH CONSTRUCTION,33.316365,-111.613604
478,2016-04-14,JCH CONSTRUCTION,33.315491,-111.611943
479,2016-04-14,JCH CONSTRUCTION,33.318877,-111.616518
480,2016-04-12,WILLIAM LYON HOMES INC,33.476903,-111.76541
481,2016-04-12,WILLIAM LYON HOMES INC,33.47557,-111.763202
482,2016-04-12,WILLIAM LYON HOMES INC,33.475568,-111.763014
483,2016-04-12,WILLIAM LYON HOMES INC,33.475147,-111.763032
484,2016-04-14,UNIQUE LANDSCAPING BY GRIFFIN,33.433071,-111.746011
485,2016-04-12,WILLIAM LYON HOMES INC,33.475151,-111.763213
487,2016-06-15,METRO FIRE EQUIPMENT INC,33.365491,-111.859852
489,2016-09-26,LGE DESIGN BUILD,33.447785,-111.719282
490,2016-07-07,BELLSOUTHWEST,33.362845,-111.87368
491,2016-04-19,NO LIMIT POOLS & SPAS,33.343029,-111.598895
493,2016-05-17,ARIZONA FIRE SYSTEMS SPECIALISTS,33.392165,-111.699054
494,2016-05-17,ARIZONA FIRE SYSTEMS SPECIALISTS,33.365071,-111.859448
496,2016-04-19,BLUEWAVE POOLS,33.326409,-111.608436
497,2016-04-19,MERITAGE HOMES CONSTRUCTION INC,33.319336,-111.620179
498,2016-06-08,PKC CONSTRUCTION,33.384408,-111.802923
499,2016-04-04,EGAN ELECTRIC LLC,33.405589,-111.86925
500,2016-02-29,AMERICAN FIRE EQUIPMENT SALES & SER,33.392325,-111.718074
501,2016-06-21,"DCSJ, LLC",33.415271,-111.715329
502,2016-04-28,BUETTNER CONTRACTING,33.409119,-111.728423
505,2016-04-14,STRATEGIC R & R,33.383477,-111.683544
506,2016-05-03,CLIMATEC LLC,33.29542,-111.592871
507,2016-04-12,"BLOOMING DESERT POOLS, LLC",33.426583,-111.785738
508,2016-04-14,CALIFORNIA POOLS & SPAS,,
509,2016-04-04,FRANCIS ELECTRIC,33.391941,-111.836192
510,2016-04-05,CALIFORNIA POOLS & SPAS,33.32716,-111.604279
512,2016-01-13,TAYLOR MADE POOLS AND SPAS,33.481296,-111.660401
514,2016-04-20,"KLM BUILDERS, INC",33.368249,-111.843114
515,2016-10-24,MWS DEVELOPMENT LLC,33.371681,-111.858456
516,2016-04-20,CAL-AM CONSTRUCTION SERVICES,33.417655,-111.728085
518,2016-04-14,"MATTAMY ARIZONA CONSTRUCTION, LLC",33.32281,-111.604803
519,2016-04-21,CAL-AM CONSTRUCTION SERVICES,33.421173,-111.727626
520,2016-05-04,SIERRA FIRE & COMMUNICATIONS,33.390634,-111.84174
521,2016-04-11,MARACAY HOMES,33.328341,-111.611635
523,2016-05-05,"COMPLETE FIRE PROTECTION, INC.",33.31192,-111.673975
524,2016-04-12,BRIGHTON COMPANIES LLC,33.372482,-111.648146
525,2016-06-01,TEVELKEN LLC,33.457302,-111.705633
526,2016-08-29,TREVOR RYAN BUILDERS LLC,33.283886,-111.640878
527,2016-04-12,BRIGHTON COMPANIES LLC,33.372277,-111.648003
529,2016-04-05,CARDINAL STATE,33.412047,-111.81547
530,2016-04-18,SPILLER FABRICATION INC,33.413876,-111.834375
531,2016-04-13,THE RYLAND GROUP INC,33.331579,-111.613316
532,2016-04-05,MATTSON CONSTRUCTION,33.39472,-111.874316
533,2016-04-05,REI CONSTRUCTION,33.403501,-111.85661
534,2016-04-20,PULTE HOMES CORPORATION,33.430385,-111.600496
535,2016-04-05,REI CONSTRUCTION,33.403501,-111.85661
536,2016-04-05,REI CONSTRUCTION,33.403501,-111.85661
537,2016-04-05,REI CONSTRUCTION,33.403501,-111.85661
538,2016-04-27,DRH CONSTRUCTION,33.389783,-111.83563
540,2016-04-25,BELLAGIO POOLS & SPAS INC,33.462533,-111.778855
543,2016-04-13,REI CONSTRUCTION,33.403501,-111.85661
544,2016-04-12,KB HOME PHOENIX INC,33.441363,-111.721139
546,2016-04-13,REI CONSTRUCTION,33.403501,-111.85661
547,2016-04-13,REI CONSTRUCTION,33.403501,-111.85661
548,2016-01-26,EXPRESS SECURITY INSTALLATORS,33.395529,-111.866152
549,2016-04-21,CAL-AM CONSTRUCTION SERVICES,33.412244,-111.760255
550,2016-06-29,AMERICAN FIRE EQUIPMENT,33.429296,-111.851401
551,2016-04-21,CAL-AM CONSTRUCTION SERVICES,33.417655,-111.728085
552,2016-04-19,RICHMOND AMERICAN HOMES,33.420527,-111.661553
553,2016-04-21,DOLPHIN POOLS,33.429637,-111.727877
554,2016-04-06,RYSE CONSTRUCTION INC,33.407067,-111.656123
556,2016-04-21,"PRESIDENTIAL POOLS & SPAS, LLC",33.399113,-111.787819
557,2016-04-21,CALIFORNIA POOLS & SPAS,33.452199,-111.646405
558,2016-04-28,"ASHTON WOODS CONSTRUCTION, LLC",33.359521,-111.679143
559,2016-03-09,GAS PIPING INC,33.327234,-111.612514
561,2016-04-28,"ASHTON WOODS CONSTRUCTION, LLC",33.35948,-111.672812
562,2016-04-19,WILLIAM LYON HOMES INC,33.477891,-111.761601
563,2016-04-19,WILLIAM LYON HOMES INC,33.477915,-111.763666
565,2016-04-19,WILLIAM LYON HOMES INC,33.472012,-111.767829
566,2016-04-20,PULTE HOMES CORPORATION,33.362032,-111.677544
567,2016-04-07,IQ BUILDERS LLC,33.441817,-111.638169
568,2016-04-20,PULTE HOMES CORPORATION,33.361729,-111.678148
569,2016-01-13,TAYLOR MADE POOLS AND SPAS,33.343217,-111.598934
570,2016-03-03,KB HOME PHOENIX INC,33.442289,-111.720339
571,2016-06-08,SILVERCREEK CONSTRUCTION LLC,33.394156,-111.720995
572,2016-04-20,PULTE HOMES CORPORATION,33.316579,-111.595452
573,2004-01-14,BUILDMAR CONSTRUCTION,33.430961,-111.834764
574,2016-04-07,"PRESIDENTIAL POOLS & SPAS, LLC",33.479063,-111.765601
575,2016-04-20,PULTE HOMES CORPORATION,33.315548,-111.592934
576,2016-04-06,DTL ELECTRIC,33.385764,-111.66274
578,2016-02-11,AERO AUTOMATIC SPRINKLER CO,33.390822,-111.861409
579,2016-04-22,TAYLOR MORRISON/ARIZONA INC,33.472219,-111.765376
580,2016-04-14,SHEA HOMES,33.330618,-111.615792
581,2016-05-03,AW CONTRACTING CORP,33.409762,-111.864266
582,2016-06-23,"WILLMENG CONSTRUCTION, INC",33.39326,-111.878689
583,2016-09-28,DANIEL ENTERPRISES,33.284106,-111.592557
584,2016-04-06,SLADE ELECTRIC,33.430269,-111.812694
585,2016-04-21,JCH CONSTRUCTION,33.316273,-111.61333
586,2004-02-03,HUGHES DEVELOPMENT LC,33.409453,-111.742419
588,2004-01-15,AWNINGS PLUS INC,33.412244,-111.760255
590,2016-04-21,CAL-AM CONSTRUCTION SERVICES,33.422601,-111.721762
591,2016-04-19,MERITAGE HOMES CONSTRUCTION INC,33.318672,-111.624121
592,2016-04-25,MILLENNIUM GAS SERVICES LLC,33.328019,-111.604507
593,2016-05-04,VALLEY OF FIRE GAS PIPING,33.448992,-111.618493
594,2016-05-12,DESERT FIRE & COMMUNICATIONS,33.408545,-111.884892
595,2016-04-20,FARNSWORTH CONSTRUCTION CO,33.371453,-111.595505
596,2016-04-20,SHEA HOMES,33.330473,-111.617027
597,2004-02-11,RED MOUNTAIN DEVELOPMENT,33.48532,-111.670244
599,2016-04-13,MORTENSON CONSTRUCTION,33.347338,-111.601334
600,2016-04-22,"S & S BUILDERS, LLC",33.414375,-111.724678
601,2016-05-10,DEFENSE SYSTEMS,33.364927,-111.603704
602,2016-04-18,GLEESON MOBILE HOME SERVICE,33.380303,-111.662321
603,2016-04-18,GLEESON MOBILE HOME SERVICE,33.39203,-111.666321
605,2016-04-18,"WOODSIDE HOMES SALES AZ, LLC",33.330833,-111.604528
606,2016-04-18,"WOODSIDE HOMES SALES AZ, LLC",33.330901,-111.603925
607,2016-04-07,BELLAGO DEVELOPMENT,33.460584,-111.784103
608,2016-04-27,ARIZONA FOUNDATION SOLUTIONS,33.384503,-111.79373
609,2016-04-18,MBI BUILDERS LLC,33.454346,-111.638528
610,2016-04-27,ARIZONA FOUNDATION SOLUTIONS,33.401118,-111.742603
612,2016-03-09,"KKITTLE, LLC",33.374193,-111.887367
613,2016-05-12,CAL-AM CONSTRUCTION SERVICES,33.419334,-111.753408
614,2004-02-24,SIGN DEPOT INC,33.400082,-111.858718
615,2016-05-12,SIERRA FIRE & COMMUNICATIONS,33.383362,-111.808556
616,2016-04-28,"VIP CONSTRUCTION, INC",33.440088,-111.61513
618,2016-04-25,TRUE BLUE POOLS INC,33.329663,-111.604
619,2016-05-19,PERRY SIMPSON BUILDERS,33.464657,-111.715792
620,2016-04-18,MBI BUILDERS LLC,33.366509,-111.605254
621,2016-04-27,ARIZONA FOUNDATION SOLUTIONS,33.377964,-111.884699
622,2004-02-09,DESIGNER POOLS INC,33.360997,-111.630834
623,2016-02-16,K KITTLE LLC,33.382767,-111.856869
624,2016-04-28,NAUTICA POOLS,33.358605,-111.672589
625,2016-04-26,DESERT FLAME GAS WORKS LLC,33.398475,-111.710011
626,2016-04-11,RICKS ADVANCED ELECTRIC LLC,33.420191,-111.801266
627,2016-04-28,NEO CONSTRUCTION,33.391264,-111.789957
630,2016-05-05,"VALLEY WIDE AWNINGS, INC",33.371362,-111.641909
631,2016-06-17,BROKEN ARROW COMMUNICATIONS,33.393556,-111.82582
632,2016-04-28,MASTEC,33.41585,-111.772027
633,2016-08-02,WOOD BUILDING AND DEVELOPMENT,33.441565,-111.768073
634,2016-04-14,KB HOME,33.440449,-111.721376
635,2016-04-22,TAYLOR MORRISON/ARIZONA INC,33.472556,-111.764825
636,2016-04-21,JCH CONSTRUCTION,33.31604,-111.61078
637,2016-04-21,JCH CONSTRUCTION,33.315991,-111.610572
638,2016-04-20,JOHN RANDEL MOBILE HOME SERVICE,33.417754,-111.629552
639,2016-04-26,"WRH CONSTRUCTION, INC",33.331418,-111.604262
640,2016-04-26,CALIFORNIA POOLS & SPAS,33.412691,-111.598996
641,2016-07-21,GENERAL ACRYLICS,33.414375,-111.724678
642,2016-04-15,MARACAY CONSTRUCTION,33.327154,-111.614045
643,2016-04-27,CAL-AM CONSTRUCTION SERVICES,33.417655,-111.728085
644,2004-01-20,D & K BUILDING,33.42055,-111.805503
646,2016-02-03,TAYLOR MADE POOLS AND SPAS,33.445495,-111.638945
647,2016-04-26,CALIFORNIA POOLS & SPAS,33.359411,-111.592307
648,2016-05-10,CALIFORNIA POOLS & SPAS,33.474454,-111.769075
649,2016-04-25,VINCO INC,33.452966,-111.731378
650,2016-04-25,"BROKEN ARROW COMMUNICATIONS, INC",33.371315,-111.852316
651,2016-04-15,MARACAY CONSTRUCTION,33.326404,-111.613779
653,2016-04-27,CAL-AM CONSTRUCTION SERVICES,33.421173,-111.727626
654,2016-09-28,DANIEL ENTERPRISES,33.284106,-111.592557
655,2016-04-19,MBI BUILDERS LLC,33.3673,-111.604813
656,2016-02-29,BLUE SKY COMMUNICATIONS,33.429784,-111.613058
657,2016-04-19,MBI BUILDERS LLC,33.451195,-111.637043
658,2016-04-29,CAL-AM CONSTRUCTION SERVICES,33.419334,-111.753408
659,2004-02-12,PRESIDENTIAL POOLS & SPAS,33.436321,-111.745322
660,2016-04-22,TAYLOR MORRISON/ARIZONA INC,33.329833,-111.60263
661,2016-04-29,METRO FIRE EQUIPMENT INC,33.407538,-111.774502
662,2016-04-14,ORANGE CONSTRUCTION LLC,33.407627,-111.789547
664,2016-07-26,DGB CONTRACTING LLC,33.393873,-111.775297
665,2016-04-12,DPR CONSTRUCTION,33.389279,-111.875032
666,2016-04-12,DPR CONSTRUCTION,33.389279,-111.875032
667,2016-04-12,DPR CONSTRUCTION,33.389279,-111.875032
668,2004-02-11,CARIBBEAN POOLS,33.375792,-111.604634
669,2016-07-07,AFFORDABLE COMMERICAL CONSTRUCTION,33.436581,-111.789257
670,2016-07-11,"DREXLER COMPANIES, INC.",33.41124,-111.694591
671,2016-04-18,KB HOME PHOENIX INC,33.406991,-111.596746
672,2016-05-12,BENSON SECURITY SYSTEMS INC,33.414527,-111.801037
673,2016-04-14,SHASTA INDUSTRIES,33.345528,-111.591549
674,2016-04-27,"MESA AWNING CO, INC.",33.408502,-111.663566
677,2016-04-26,"PRESIDENTIAL POOLS & SPAS, LLC",33.413138,-111.740304
678,2016-04-28,PULTE HOMES CORPORATION,33.318718,-111.592759
679,2016-02-09,FIREHOUSE FIRE PROTECTION,33.322535,-111.603055
680,2016-01-26,SAK ELECTRIC & PLUMBING INC,33.409119,-111.728423
681,2016-04-20,CAL-AM CONSTRUCTION SERVICES,33.417655,-111.728085
682,2016-04-27,CAL-AM CONSTRUCTION SERVICES,33.417655,-111.728085
683,2016-07-20,"BELSOUTHWEST, INC",33.362845,-111.87368
685,2016-04-19,BLUE WAVE POOLS,33.359489,-111.674703
686,2016-04-20,CAL-AM CONSTRUCTION SERVICES,33.389137,-111.634032
687,2016-04-27,DRH CONSTRUCTION,33.389783,-111.83563
689,2016-04-27,DRH CONSTRUCTION,33.389783,-111.83563
690,2016-04-20,MARACAY CONSTRUCTION,33.327031,-111.614373
691,2016-04-20,MARACAY HOMES,33.328111,-111.611495
692,2016-06-15,AR MAYS CONSTRUCTION,33.434563,-111.869225
693,2016-04-19,SPECIAL ELECTRONICS SYSTEMS CORP,33.424355,-111.75216
694,2016-04-19,"WILLMENG CONSTRUCTION, INC",33.393266,-111.865963
697,2016-04-27,FARNSWORTH CONSTRUCTION CO,33.359166,-111.592774
698,2016-04-13,IMPERIAL EXCAVATING,33.403292,-111.882191
699,2016-04-13,IMPERIAL EXCAVATING,33.367834,-111.849705
700,2004-02-11,MARACAY HOMES,33.452551,-111.661145
701,2016-04-27,GLEESON MOBILE HOME SERVICE,33.395228,-111.630587
702,2016-07-07,ICON GAS SERVICES,33.473922,-111.661632
703,2016-04-13,ALLIANCE PLUMBING AZ INC,33.422572,-111.882077
704,2016-04-13,ALLIANCE PLUMBING AZ INC,33.422572,-111.882077
705,2016-04-13,HERBEIN CONSTRUCTION LLC,33.37403,-111.892526
706,2016-04-28,"BODINE CONSTRUCTION, INC.",33.458832,-111.705043
709,2016-04-20,MARACAY HOMES,33.326685,-111.613799
710,2016-04-27,"SHASTA INDUSTRIES, INC.",33.454167,-111.643192
711,2016-05-02,MERITAGE HOMES CONSTRUCTION INC,33.328688,-111.604089
712,2016-04-20,REI CONSTRUCTION,33.403501,-111.85661
713,2016-08-09,SUNDT CONTSTRUCTION,33.35015,-111.598221
714,2016-04-14,DIAMOND FIRE EQUIPMENT LLC,33.381455,-111.712849
715,2016-04-27,CAL-AM CONSTRUCTION SERVICES,33.389137,-111.634032
717,2016-04-28,SHASTA INDUSTRIES,33.36203,-111.677155
718,2016-04-26,WILLIAM LYON HOMES INC,33.470955,-111.770133
719,2016-04-26,WILLIAM LYON HOMES INC,33.470987,-111.769923
720,2016-05-04,SOUTHWEST INTEGRATED SOLUTIONS,33.41755,-111.867631
721,2016-04-14,ROD HOFFMAN CONSTRUCTION,33.415197,-111.768862
722,2016-01-26,VALLEY FIRE AND WATER,33.422535,-111.838516
723,2016-04-14,BSJ PLUMBING & INSTALL INC,33.390111,-111.729651
724,2016-04-28,TRADITION BUILDERS,33.491983,-111.687638
725,2016-05-18,ALLIANCE FIRE PROTECTION CO,33.383362,-111.808556
726,2004-07-19,AQUIENTA POOLS,33.412414,-111.820492
727,2016-04-14,JBJ ELECTRIC CO,33.393565,-111.813956
728,2016-04-14,THG CONTRACTING LLC,33.415967,-111.796015
729,2016-05-16,A & H CONTRACTING SERVICES,33.408848,-111.856891
730,2016-04-27,"MATTAMY ARIZONA CONSTRUCTION, LLC",33.334762,-111.605466
731,2016-04-21,MBI BUILDERS LLC,33.367079,-111.604527
732,2016-04-14,"BREINHOLT CONTRACTING CO, INC",33.415032,-111.880065
733,2016-04-14,"BREINHOLT CONTRACTING CO, INC",33.416205,-111.880402
734,2016-04-14,QUALITY CONTRACTOR SERVICES,33.389166,-111.781535
735,2016-02-10,AMERICAN EAGLE FIRE PROTECTION,33.430167,-111.783659
736,2016-04-26,WILLIAM LYON HOMES INC,33.477572,-111.766421
737,2016-06-09,HIGH DESERT COMMUNICATIONS,33.378351,-111.873513
738,2016-06-09,HIGH DESERT COMMUNICATIONS,33.39051,-111.870879
739,2016-07-15,HIGH DESERT COMMUNICATIONS,33.322284,-111.600463
741,2016-04-26,WILLIAM LYON HOMES INC,33.476874,-111.765612
743,2016-04-18,HOT LINE ELECTRIC INC,33.383428,-111.861963
744,2016-04-26,MBI BUILDERS LLC,33.367792,-111.601926
745,2016-04-26,MBI BUILDERS LLC,33.367827,-111.602268
746,2016-03-01,TOP CHOICE ELECTRICAL CONTRACTORS,33.451188,-111.734806
747,2016-04-28,CALIFORNIA POOLS & SPAS,33.376342,-111.67591
748,2016-04-28,WILLIAM LYON HOMES INC,33.478187,-111.761603
749,2016-05-03,THE RYLAND GROUP INC,33.331999,-111.612157
750,2016-04-25,MBI BUILDERS LLC,33.453584,-111.638984
751,2016-04-28,WILLIAM LYON HOMES INC,33.478894,-111.760349
752,2016-04-29,ROYAL COVERS OF ARIZONA INC,33.371362,-111.641909
753,2016-04-28,WILLIAM LYON HOMES INC,33.478184,-111.760714
754,2016-04-21,MBI BUILDERS LLC,33.453689,-111.638942
755,2016-05-03,"PRESIDENTIAL POOLS & SPAS, LLC",33.43469,-111.62677
756,2016-02-11,TGI HOME CRAFTERS,33.445257,-111.751542
757,2016-04-21,MBI BUILDERS LLC,33.368707,-111.607054
759,2016-05-02,WOODSIDE HOMES OF ARIZONA,33.327381,-111.602236
760,2016-06-30,SCHNUELLE RENOVATIONS LLC,33.456158,-111.757306
761,2004-02-20,MARACAY HOMES,33.451919,-111.658365
762,2016-05-02,WOODSIDE HOMES OF ARIZONA,33.330654,-111.60369
763,2016-04-28,WILLIAM LYON HOMES INC,33.419159,-111.707256
765,2016-04-28,WILLIAM LYON HOMES INC,33.41916,-111.707417
766,2016-10-03,FIX MY HOUSE,33.406231,-111.818145
767,2016-05-02,WOODSIDE HOMES OF ARIZONA,33.330543,-111.605658
768,2016-01-26,RIO SALADO ELECTRIC,33.407482,-111.811676
769,2016-02-16,URBAN CITYSCAPES,33.368993,-111.607052
773,2016-04-28,WILLIAM LYON HOMES INC,33.41916,-111.707571
774,2016-04-27,ELI MORGAN DEVELOPMENT,33.4148,-111.60101
775,2016-05-02,"WOODSIDE HOMES SALES AZ, LLC",33.330863,-111.604324
776,2016-04-19,"PRESIDENTIAL POOLS & SPAS, LLC",33.457993,-111.649074
777,2016-04-28,WILLIAM LYON HOMES INC,33.41904,-111.707571
778,2016-05-16,STARWOOD CUSTOM HOMES,33.494933,-111.680138
779,2004-01-28,DENT ELECTRIC,33.425243,-111.853807
780,2016-03-23,PLATINUM POOLS,33.329656,-111.608134
781,2016-04-28,WILLIAM LYON HOMES INC,33.419039,-111.707417
782,2016-04-28,WILLIAM LYON HOMES INC,33.419038,-111.707257
783,2016-04-27,KB HOME PHOENIX INC,33.359898,-111.687019
785,2016-04-26,LENNAR ARIZONA CONSTRUCTION ,33.363641,-111.680758
787,2016-04-26,LENNAR ARIZONA CONSTRUCTION ,33.413261,-111.752261
788,2016-04-26,LENNAR ARIZONA CONSTRUCTION ,33.413154,-111.752333
789,2016-04-26,LENNAR ARIZONA CONSTRUCTION ,33.41331,-111.752078
790,2016-05-17,PLHAZ,33.452925,-111.666468
791,2016-04-21,MBI BUILDERS LLC,33.371266,-111.60573
792,2016-04-27,KB HOME PHOENIX INC,33.359893,-111.686845
793,2016-04-26,MBI BUILDERS LLC,33.367424,-111.602271
794,2016-04-21,MBI BUILDERS LLC,33.454352,-111.640937
795,2016-05-04,GLEESON MOBILE HOME SERVICE,33.389648,-111.650466
796,2016-04-25,MBI BUILDERS LLC,33.367314,-111.602272
797,2016-04-25,MBI BUILDERS LLC,33.370446,-111.606522
798,2016-04-25,MBI BUILDERS LLC,33.367507,-111.601928
799,2016-04-25,MBI BUILDERS LLC,33.367541,-111.60227
800,2016-04-25,MBI BUILDERS LLC,33.36728,-111.60193
801,2016-02-04,REI CONSTRUCTION,33.403501,-111.85661
802,2016-04-25,KB HOME PHOENIX INC,33.443533,-111.721641
803,2016-04-25,MBI BUILDERS LLC,33.36739,-111.601929
804,2016-04-25,MBI BUILDERS LLC,33.366943,-111.601932
805,2016-04-25,MBI BUILDERS LLC,33.36717,-111.601931
806,2016-04-25,MBI BUILDERS LLC,33.367094,-111.602274
807,2016-05-12,MERITAGE HOMES CONSTRUCTION INC,33.318617,-111.621178
808,2016-04-26,NO LIMIT POOLS & SPAS,33.47958,-111.64897
809,2016-05-10,"DESIGN TOUCH BUILDERS, INC.",33.399299,-111.730271
812,2016-04-21,MBI BUILDERS LLC,33.45422,-111.640946
813,2016-04-25,MBI BUILDERS LLC,33.36706,-111.601931
816,2016-04-19,ARIDLAND GAS SPECIALTIES INC,33.437504,-111.822326
817,2016-04-27,THE RYLAND GROUP INC,33.330228,-111.614643
818,2016-04-21,"PRESIDENTIAL POOLS & SPAS, LLC",33.364408,-111.678003
819,2016-05-02,JCH CONSTRUCTION,33.314648,-111.614315
820,2016-04-20,FARNSWORTH CONSTRUCTION CO,33.416054,-111.828587
821,2016-05-04,ICON GAS SERVICES,33.462228,-111.697534
822,2004-02-18,PRESIDENTIAL POOLS & SPAS,33.445121,-111.755735
823,2016-04-22,MARACAY HOMES,33.329959,-111.613841
824,2016-04-21,MBI BUILDERS LLC,33.454582,-111.640921
826,2016-04-22,MARACAY CONSTRUCTION,33.328499,-111.611213
827,2016-05-02,ARIZONA PROPANE,33.438292,-111.62971
828,2016-04-26,"PROVIDENCE DEVELOPMENT,INC.",33.324624,-111.585421
829,2016-04-26,"PROVIDENCE DEVELOPMENT,INC.",33.321246,-111.586205
830,2016-05-02,PULTE HOMES CORPORATION,33.318908,-111.593527
831,2016-05-02,PULTE HOMES CORPORATION,33.361239,-111.680412
832,2016-05-04,FUNK FAMILY ENTERPRISES,33.436233,-111.644546
833,2016-05-09,HELIOCOL GREEN ENERGY INC,33.454999,-111.750068
834,2016-04-26,LENNAR ARIZONA CONSTRUCTION ,33.363647,-111.681583
835,2016-04-26,LENNAR ARIZONA CONSTRUCTION ,33.364127,-111.681739
836,2016-05-02,PULTE HOMES CORPORATION,33.360927,-111.679829
837,2016-04-26,LENNAR ARIZONA CONSTRUCTION ,33.363646,-111.681417
838,2016-04-27,DRH CONSTRUCTION,33.389783,-111.83563
839,2016-04-26,LENNAR ARIZONA CONSTRUCTION ,33.364129,-111.682071
840,2016-08-18,D L P CONSTRUCTION COMPANY INC,33.434563,-111.869225
841,2004-02-26,US HOMES,33.372064,-111.602246
843,2016-04-27,DRH CONSTRUCTION,33.389783,-111.83563
844,2016-04-20,THE GAS MAN LLC,33.491993,-111.690281
845,2016-05-03,"PRESIDENTIAL POOLS & SPAS, LLC",33.471078,-111.768209
846,2016-04-20,FRANCIS ELECTRIC,33.409742,-111.765634
847,2016-04-20,FRANCIS ELECTRIC,33.391941,-111.836192
848,2016-05-10,MERITAGE HOMES CONSTRUCTION INC,33.327583,-111.606577
849,2016-05-24,"ASHTON WOODS CONSTRUCTION, LLC",33.360381,-111.677979
850,2016-06-21,GOODMAN NETWORKS,33.425291,-111.805019
851,2016-05-11,HAYDEN BUILDING CORP,33.39326,-111.878689
852,2016-04-25,MBI BUILDERS LLC,33.367676,-111.601927
853,2016-05-02,JCH CONSTRUCTION,33.31008,-111.610567
854,2016-05-02,JCH CONSTRUCTION,33.319286,-111.616737
855,2016-04-27,KB HOME PHOENIX INC,33.443988,-111.721338
856,2016-04-26,LENNAR ARIZONA CONSTRUCTION ,33.364124,-111.681415
857,2016-04-28,WILLIAM LYON HOMES INC,33.474748,-111.769659
858,2016-05-02,JCH CONSTRUCTION,33.315771,-111.610825
861,2016-05-17,THE RYLAND GROUP INC,33.331056,-111.612501
862,2016-09-01,FUNK FAMILY ENTERPRISES,33.436625,-111.645543
863,2016-04-27,MBI BUILDERS LLC,33.366509,-111.605401
864,2016-04-28,FARNSWORTH HOMES,33.363109,-111.600643
866,2016-05-02,JCH CONSTRUCTION,33.312158,-111.611413
867,2016-04-27,MBI BUILDERS LLC,33.457671,-111.636103
868,2016-05-09,STB CONSTRUCTION,33.414375,-111.724678
869,2016-05-18,A AND M FIRE PROTECTION LLC,33.392165,-111.699054
870,2016-08-11,DCS CONTRACTING INC,33.321703,-111.621109
872,2016-06-08,USA FIRE PROTECTION LLC,33.380736,-111.788696
873,2016-05-03,CARIBBEAN POOLS INC,33.333439,-111.607392
874,2016-05-05,CARIBBEAN POOLS INC,33.345714,-111.598385
877,2016-05-02,LENNAR ARIZONA CONSTRUCTION ,33.363644,-111.681084
878,2016-04-27,SERVPRO OF GILBERT & CHANDLER SOUTH,33.455592,-111.697587
879,2016-04-21,ARRIS BUILDING & REMODELING,33.416878,-111.789638
880,2016-05-25,CAL-AM CONSTRUCTION SERVICES,33.389137,-111.634032
881,2016-05-02,WOODSIDE HOMES OF ARIZONA,33.330885,-111.604123
882,2016-04-21,AR MAYS CONSTRUCTION,33.380636,-111.787025
883,2016-05-05,BLUEWAVE POOLS,33.442873,-111.733804
886,2016-05-03,WILLIAM LYON HOMES INC,33.418813,-111.707258
887,2016-05-04,TYCO INTEGRATED SECURITY,33.422404,-111.857093
888,2016-05-03,WILLIAM LYON HOMES INC,33.418814,-111.707573
889,2016-02-08,"MATTAMY ARIZONA CONSTRUCTION, LLC",33.334926,-111.604145
890,2016-06-13,SUMMIT TRADES AND SERVICES,33.402427,-111.718381
891,2016-05-03,WILLIAM LYON HOMES INC,33.418692,-111.707259
892,2016-07-05,"MJB CONSTRUCTION, LLC",33.413678,-111.870522
893,2016-05-03,WILLIAM LYON HOMES INC,33.418693,-111.707419
894,2016-04-28,WILLIAM LYON HOMES INC,33.471915,-111.768223
895,2016-05-05,SKANSKA USA BUILDING,33.410342,-111.875196
896,2016-05-03,WILLIAM LYON HOMES INC,33.418693,-111.707574
897,2016-05-03,WILLIAM LYON HOMES INC,33.418814,-111.707419
898,2016-04-27,REI CONSTRUCTION,33.403501,-111.85661
899,2016-04-27,REI CONSTRUCTION,33.403501,-111.85661
900,2016-05-02,REI CONSTRUCTION,33.403501,-111.85661
901,2016-04-27,REI CONSTRUCTION,33.403501,-111.85661
902,2016-04-27,REI CONSTRUCTION,33.403501,-111.85661
903,2016-04-27,REI CONSTRUCTION,33.403501,-111.85661
904,2016-04-27,REI CONSTRUCTION,33.403501,-111.85661
905,2016-05-02,REI CONSTRUCTION,33.403501,-111.85661
906,2016-08-29,"MCO & ASSOCIATES, LLC",33.392098,-111.614986
907,2016-06-23,SENTRY BUILDERS LLC,33.436718,-111.688535
908,2016-05-09,PEGASUS POOLS,,
909,2016-04-28,CALIFORNIA POOLS & SPAS,33.321951,-111.608515
910,2016-07-18,"ESPO BUILDERS, INC",33.434288,-111.628071
911,2016-04-27,CITY OF MESA TRANSPORTATION,33.400439,-111.80479
912,2016-02-04,REI CONSTRUCTION,33.403501,-111.85661
913,2016-06-14,BERLIN PRECISON CONSTRUCTION,33.417523,-111.633197
914,2016-05-12,MERITAGE HOMES CONSTRUCTION INC,33.318664,-111.623443
915,2016-05-26,TITAN RESTORATION OF ARIZONA LLC,33.43699,-111.70833
916,2016-06-06,METRO FIRE EQUIPMENT INC,33.418151,-111.849591
917,2016-05-02,FARNSWORTH HOMES,33.359912,-111.595575
918,2016-05-11,WEST PLUMBING LLC,33.326447,-111.599265
920,2016-05-12,MERITAGE HOMES CONSTRUCTION INC,33.318859,-111.620508
921,2016-04-26,FLATIRON ELECTRIC LLC,33.454072,-111.775705
922,2016-04-25,DRAGONFLY ELECTRIC ,33.442624,-111.834797
923,2016-05-19,MIDWESTERN PRIDE LLC,33.39901,-111.818849
924,2016-05-18,"KLM BUILDERS, INC",33.439351,-111.784217
925,2016-05-10,DRH CONSTRUCTION,33.389783,-111.83563
927,2016-05-10,DRH CONSTRUCTION,33.389783,-111.83563
928,2016-05-13,BJERK BUILDERS,33.408839,-111.880491
929,2004-03-18,RED DOG ILLUMINATIONS,33.423288,-111.8571
930,2016-04-28,MBI BUILDERS LLC,33.454515,-111.639063
931,2016-05-12,SHASTA INDUSTRIES,33.432525,-111.600983
933,2016-05-12,SHASTA INDUSTRIES,33.329696,-111.607168
934,2016-10-31,CREEKER CONSTRUCTION ,33.451234,-111.826112
935,2016-06-03,SALLAWAY ENGINEERING CONTRACTORS,33.396556,-111.827807
936,2016-05-10,DRH CONSTRUCTION,33.389783,-111.83563
937,2016-05-10,DRH CONSTRUCTION,33.389783,-111.83563
938,2016-05-10,DRH CONSTRUCTION,33.389783,-111.83563
939,2016-05-04,TAYLOR MORRISON,33.472978,-111.764811
941,2016-05-04,TAYLOR MORRISON,33.472216,-111.765131
942,2016-06-13,CHEYENNE CONSTRUCTION  & DEVELOPMEN,33.477875,-111.649196
943,2016-05-13,"MATTAMY ARIZONA CONSTRUCTION, LLC",33.33404,-111.605154
944,2016-05-10,RICHMOND AMERICAN HOMES,33.419925,-111.660541
946,2017-11-02,WILLMENG CONSTRUCTION INC,33.471431,-111.736696
947,2016-05-04,MBI BUILDERS LLC,33.454484,-111.638937
948,2016-07-25,MIKE FOSTER CUSTOM HOMES INC,33.457006,-111.704649
951,2016-05-04,"WRH CONSTRUCTION, INC",33.332222,-111.605724
952,2016-05-02,FARNSWORTH HOMES,33.358216,-111.590665
953,2016-05-03,WILLIAM LYON HOMES INC,33.47548,-111.769049
954,2016-05-03,WILLIAM LYON HOMES INC,33.476228,-111.769422
955,2016-05-12,MERITAGE HOMES CONSTRUCTION INC,33.319334,-111.620016
956,2016-05-03,THE RYLAND GROUP INC,33.469843,-111.676919
957,2016-05-12,"PRESIDENTIAL POOLS & SPAS, LLC",33.31698,-111.61518
959,2016-05-12,"PRESIDENTIAL POOLS & SPAS, LLC",33.447281,-111.75008
960,2016-02-04,REI CONSTRUCTION,33.403501,-111.85661
961,2016-05-06,"MATTAMY ARIZONA CONSTRUCTION, LLC",33.334096,-111.604162
962,2016-05-09,PULTE HOMES CORPORATION,33.318382,-111.5935
963,2016-05-04,FARNSWORTH HOMES,33.358859,-111.594017
964,2016-05-12,BLUEWAVE POOLS,33.361691,-111.672908
965,2016-05-12,BLUEWAVE POOLS,33.326954,-111.612241
966,2016-05-12,BLUEWAVE POOLS,33.345388,-111.599052
968,2016-05-10,STB CONSTRUCTION,33.414375,-111.724678
969,2016-02-04,REI CONSTRUCTION,33.403501,-111.85661
970,2016-05-16,"SDB, INC",33.421231,-111.831134
972,2016-05-16,"KKITTLE, LLC",33.357697,-111.879615
974,2016-04-27,GEORGE BRAZIL SERVICES,33.427374,-111.809287
975,2016-08-02,MATTWAY LLC,33.481895,-111.711725
976,2016-05-26,DESERT SOUL LANDESIGN LLC,33.323309,-111.584413
978,2016-05-05,DC RESTORATION,33.428717,-111.723269
979,2016-06-14,CAL-AM CONSTRUCTION SERVICES,33.417655,-111.728085
981,2016-02-04,REI CONSTRUCTION,33.403501,-111.85661
983,2016-08-05,METRO FIRE EQUIPMENT INC,33.427126,-111.68169
984,2016-05-09,REI CONSTRUCTION,33.403501,-111.85661
985,2016-05-17,"AUTOMATIC GATE SYSTEMS, LLC",33.410951,-111.815518
987,2004-02-12,GRIVET ELECTRICAL INC,33.390135,-111.814965
988,2016-06-07,XCELL INC OF LOUISIANA,33.409043,-111.793247
989,2016-06-07,XCELL INC OF LOUISIANA,,
991,2016-05-12,MERITAGE HOMES CONSTRUCTION INC,33.319584,-111.620122
992,2016-05-04,MBI BUILDERS LLC,33.368564,-111.607055
993,2016-05-09,PULTE HOMES CORPORATION,33.361235,-111.679815
994,2016-05-05,CITY OF MESA TRANSPORTATION,33.389153,-111.874379
995,2016-05-23,SHELTER SOUTHWEST,33.461383,-111.709232
996,2016-05-04,TYCO INTEGRATED SECURITY,33.389007,-111.670957
998,2016-05-12,TYCO INTEGRATED SECURITY,33.389754,-111.671
999,2016-04-28,PENNEY ELECTRIC,33.459466,-111.830604
